Workbook

Sheet 2026년 제부도 통행시간표 (공표자료)
A1: 2026년 1월 통행가능 시간표 | H1: 2026년 2월 통행가능 시간표 | O1: 2026년 3월 통행가능 시간표
A2: 일자 | C2: 1 차 | E2: 2 차 | H2: 일자 | J2: 1 차 | L2: 2 차 | O2: 일자 | Q2: 1 차 | S2: 2 차
C3: ~부터 (열림) | D3: ~까지 (닫힘) | E3: ~부터 (열림) | F3: ~까지 (닫힘) | J3: ~부터 (열림) | K3: ~까지 (닫힘) | L3: ~부터 (열림) | M3: ~까지 (닫힘) | Q3: ~부터 (열림) | R3: ~까지 (닫힘) | S3: ~부터 (열림) | T3: ~까지 (닫힘)
A4: 1 | B4: 목 | C4: 계속통행 | D4: 1356 | E4: 1556 | F4: 계속통행 | H4: 1 | I4: 일 | J4: 계속통행 | K4: 1517 | L4: 1819 | M4: 계속통행 | O4: 1 | P4: 일 | Q4: 계속통행 | R4: 1446 | S4: 1657 | T4: 계속통행
A5: 2 | B5: 금 | C5: 계속통행 | D5: 1431 | E5: 1720 | F5: 계속통행 | H5: 2 | I5: 월 | J5: 계속통행 | K5: 1553 | L5: 1910 | M5: 448 | O5: 2 | P5: 월 | Q5: 계속통행 | R5: 1509 | S5: 1801 | T5: 355
A6: 3 | B6: 토 | C6: 계속통행 | D6: 1513 | E6: 1827 | F6: 계속통행 | H6: 3 | I6: 화 | J6: 628 | K6: 1631 | L6: 1949 | M6: 516 | O6: 3 | P6: 화 | Q6: 533 | R6: 1540 | S6: 1844 | T6: 411
A7: 4 | B7: 일 | C7: 계속통행 | D7: 1558 | E7: 1922 | F7: 530 | H7: 4 | I7: 수 | J7: 719 | K7: 1709 | L7: 2018 | M7: 549 | O7: 4 | P7: 수 | Q7: 632 | R7: 1613 | S7: 1915 | T7: 438
A8: 5 | B8: 월 | C8: 603 | D8: 1644 | E8: 2007 | F8: 601 | H8: 5 | I8: 목 | J8: 758 | K8: 1747 | L8: 2039 | M8: 628 | O8: 5 | P8: 목 | Q8: 714 | R8: 1647 | S8: 1939 | T8: 509
A9: 6 | B9: 화 | C9: 701 | D9: 1729 | E9: 2043 | F9: 644 | H9: 6 | I9: 금 | J9: 827 | K9: 1830 | L9: 2052 | M9: 716 | O9: 6 | P9: 금 | Q9: 748 | R9: 1723 | S9: 1957 | T9: 542
A10: 7 | B10: 수 | C10: 742 | D10: 1816 | E10: 2109 | F10: 계속통행 | H10: 7 | I10: 토 | J10: 843 | K10: 1927 | L10: 2048 | M10: 계속통행 | O10: 7 | P10: 토 | Q10: 814 | R10: 1803 | S10: 2008 | T10: 622
A11: 8 | B11: 목 | C11: 계속통행 | D11: 1909 | E11: 2124 | F11: 계속통행 | H11: 8 | I11: 일 | J11: 계속통행 | K11: 계속통행 | L11: 계속통행 | M11: 계속통행 | O11: 8 | P11: 일 | Q11: 832 | R11: 1859 | S11: 2002 | T11: 716
A12: 9 | B12: 금 | C12: 계속통행 | D12: 2008 | E12: 2110 | F12: 계속통행 | H12: 9 | I12: 월 | J12: 계속통행 | K12: 계속통행 | L12: 계속통행 | M12: 계속통행 | O12: 9 | P12: 월 | Q12: 834 | R12: 계속통행 | S12: 계속통행 | T12: 계속통행
A13: 10 | B13: 토 | C13: 계속통행 | D13: 계속통행 | E13: 계속통행 | F13: 계속통행 | H13: 10 | I13: 화 | J13: 계속통행 | K13: 계속통행 | L13: 계속통행 | M13: 계속통행 | O13: 10 | P13: 화 | Q13: 계속통행 | R13: 계속통행 | S13: 계속통행 | T13: 계속통행
A14: 11 | B14: 일 | C14: 계속통행 | D14: 계속통행 | E14: 계속통행 | F14: 계속통행 | H14: 11 | I14: 수 | J14: 계속통행 | K14: 계속통행 | L14: 계속통행 | M14: 계속통행 | O14: 11 | P14: 수 | Q14: 계속통행 | R14: 계속통행 | S14: 계속통행 | T14: 계속통행
A15: 12 | B15: 월 | C15: 계속통행 | D15: 계속통행 | E15: 계속통행 | F15: 계속통행 | H15: 12 | I15: 목 | J15: 계속통행 | K15: 계속통행 | L15: 계속통행 | M15: 계속통행 | O15: 12 | P15: 목 | Q15: 계속통행 | R15: 계속통행 | S15: 계속통행 | T15: 계속통행
A16: 13 | B16: 화 | C16: 계속통행 | D16: 계속통행 | E16: 계속통행 | F16: 계속통행 | H16: 13 | I16: 금 | J16: 계속통행 | K16: 계속통행 | L16: 계속통행 | M16: 계속통행 | O16: 13 | P16: 금 | Q16: 계속통행 | R16: 계속통행 | S16: 계속통행 | T16: 계속통행
A17: 14 | B17: 수 | C17: 계속통행 | D17: 계속통행 | E17: 계속통행 | F17: 계속통행 | H17: 14 | I17: 토 | J17: 계속통행 | K17: 계속통행 | L17: 계속통행 | M17: 계속통행 | O17: 14 | P17: 토 | Q17: 계속통행 | R17: 계속통행 | S17: 계속통행 | T17: 계속통행
A18: 15 | B18: 목 | C18: 계속통행 | D18: 계속통행 | E18: 계속통행 | F18: 계속통행 | H18: 15 | I18: 일 | J18: 계속통행 | K18: 계속통행 | L18: 계속통행 | M18: 계속통행 | O18: 15 | P18: 일 | Q18: 계속통행 | R18: 계속통행 | S18: 계속통행 | T18: 계속통행
A19: 16 | B19: 금 | C19: 계속통행 | D19: 계속통행 | E19: 계속통행 | F19: 계속통행 | H19: 16 | I19: 월 | J19: 계속통행 | K19: 1535 | L19: 1737 | M19: 계속통행 | O19: 16 | P19: 월 | Q19: 계속통행 | R19: 계속통행 | S19: 계속통행 | T19: 계속통행
A20: 17 | B20: 토 | C20: 계속통행 | D20: 1550 | E20: 1646 | F20: 계속통행 | H20: 17 | I20: 화 | J20: 계속통행 | K20: 1549 | L20: 1829 | M20: 441 | O20: 17 | P20: 화 | Q20: 계속통행 | R20: 1509 | S20: 1701 | T20: 348
A21: 18 | B21: 일 | C21: 계속통행 | D21: 1553 | E21: 1756 | F21: 계속통행 | H21: 18 | I21: 수 | J21: 559 | K21: 1614 | L21: 1909 | M21: 454 | O21: 18 | P21: 수 | Q21: 451 | R21: 1522 | S21: 1756 | T21: 347
A22: 19 | B22: 월 | C22: 계속통행 | D22: 1613 | E22: 1844 | F22: 계속통행 | H22: 19 | I22: 목 | J22: 655 | K22: 1644 | L22: 1943 | M22: 519 | O22: 19 | P22: 목 | Q22: 605 | R22: 1548 | S22: 1838 | T22: 408
A23: 20 | B23: 화 | C23: 계속통행 | D23: 1640 | E23: 1924 | F23: 계속통행 | H23: 20 | I23: 금 | J23: 739 | K23: 1717 | L23: 2012 | M23: 550 | O23: 20 | P23: 금 | Q23: 656 | R23: 1620 | S23: 1913 | T23: 437
A24: 21 | B24: 수 | C24: 계속통행 | D24: 1709 | E24: 1959 | F24: 619 | H24: 21 | I24: 토 | J24: 818 | K24: 1756 | L24: 2035 | M24: 629 | O24: 21 | P24: 토 | Q24: 740 | R24: 1658 | S24: 1941 | T24: 512
A25: 22 | B25: 목 | C25: 712 | D25: 1743 | E25: 2029 | F25: 649 | H25: 22 | I25: 일 | J25: 851 | K25: 1846 | L25: 2051 | M25: 720 | O25: 22 | P25: 일 | Q25: 818 | R25: 1743 | S25: 2004 | T25: 554
A26: 23 | B26: 금 | C26: 753 | D26: 1821 | E26: 2055 | F26: 731 | H26: 23 | I26: 월 | J26: 918 | K26: 계속통행 | L26: 계속통행 | M26: 계속통행 | O26: 23 | P26: 월 | Q26: 852 | R26: 1842 | S26: 2013 | T26: 648
A27: 24 | B27: 토 | C27: 825 | D27: 1910 | E27: 2114 | F27: 계속통행 | H27: 24 | I27: 화 | J27: 계속통행 | K27: 계속통행 | L27: 계속통행 | M27: 계속통행 | O27: 24 | P27: 화 | Q27: 919 | R27: 계속통행 | S27: 계속통행 | T27: 818
A28: 25 | B28: 일 | C28: 계속통행 | D28: 2033 | E28: 2107 | F28: 계속통행 | H28: 25 | I28: 수 | J28: 계속통행 | K28: 계속통행 | L28: 계속통행 | M28: 계속통행 | O28: 25 | P28: 수 | Q28: 923 | R28: 계속통행 | S28: 계속통행 | T28: 계속통행
A29: 26 | B29: 월 | C29: 계속통행 | D29: 계속통행 | E29: 계속통행 | F29: 계속통행 | H29: 26 | I29: 목 | J29: 계속통행 | K29: 계속통행 | L29: 계속통행 | M29: 계속통행 | O29: 26 | P29: 목 | Q29: 계속통행 | R29: 계속통행 | S29: 계속통행 | T29: 계속통행
A30: 27 | B30: 화 | C30: 계속통행 | D30: 계속통행 | E30: 계속통행 | F30: 계속통행 | H30: 27 | I30: 금 | J30: 계속통행 | K30: 계속통행 | L30: 계속통행 | M30: 계속통행 | O30: 27 | P30: 금 | Q30: 계속통행 | R30: 계속통행 | S30: 계속통행 | T30: 계속통행
A31: 28 | B31: 수 | C31: 계속통행 | D31: 계속통행 | E31: 계속통행 | F31: 계속통행 | H31: 28 | I31: 토 | J31: 계속통행 | K31: 계속통행 | L31: 계속통행 | M31: 계속통행 | O31: 28 | P31: 토 | Q31: 계속통행 | R31: 계속통행 | S31: 계속통행 | T31: 계속통행
A32: 29 | B32: 목 | C32: 계속통행 | D32: 계속통행 | E32: 계속통행 | F32: 계속통행 | O32: 29 | P32: 일 | Q32: 계속통행 | R32: 계속통행 | S32: 계속통행 | T32: 계속통행
A33: 30 | B33: 금 | C33: 계속통행 | D33: 계속통행 | E33: 계속통행 | F33: 계속통행 | O33: 30 | P33: 월 | Q33: 계속통행 | R33: 1438 | S33: 1620 | T33: 331
A34: 31 | B34: 토 | C34: 계속통행 | D34: 1445 | E34: 1708 | F34: 계속통행 | O34: 31 | P34: 화 | Q34: 357 | R34: 1456 | S34: 1719 | T34: 317
A35: 2026년 4월 통행가능 시간표 | H35: 2026년 5월 통행가능 시간표 | O35: 2026년 6월 통행가능 시간표
A36: 일자 | C36: 1 차 | E36: 2 차 | H36: 일자 | J36: 1 차 | L36: 2 차 | O36: 일자 | Q36: 1 차 | S36: 2 차
C37: ~부터 (열림) | D37: ~까지 (닫힘) | E37: ~부터 (열림) | F37: ~까지 (닫힘) | J37: ~부터 (열림) | K37: ~까지 (닫힘) | L37: ~부터 (열림) | M37: ~까지 (닫힘) | Q37: ~부터 (열림) | R37: ~까지 (닫힘) | S37: ~부터 (열림) | T37: ~까지 (닫힘)
A38: 1 | B38: 수 | C38: 528 | D38: 1525 | E38: 1757 | F38: 337 | H38: 1 | I38: 금 | J38: 551 | K38: 1552 | L38: 1722 | M38: 336 | O38: 1 | P38: 월 | Q38: 636 | R38: 계속통행 | S38: 계속통행 | T38: 419
A39: 2 | B39: 목 | C39: 618 | D39: 1557 | E39: 1826 | F39: 404 | H39: 2 | I39: 토 | J39: 628 | K39: 1629 | L39: 1747 | M39: 407 | O39: 2 | P39: 화 | Q39: 709 | R39: 계속통행 | S39: 계속통행 | T39: 452
A40: 3 | B40: 금 | C40: 656 | D40: 1631 | E40: 1849 | F40: 434 | H40: 3 | I40: 일 | J40: 700 | K40: 1713 | L40: 1803 | M40: 439 | O40: 3 | P40: 수 | Q40: 740 | R40: 계속통행 | S40: 계속통행 | T40: 527
A41: 4 | B41: 토 | C41: 726 | D41: 1708 | E41: 1906 | F41: 507 | H41: 4 | I41: 월 | J41: 726 | K41: 계속통행 | L41: 계속통행 | M41: 515 | O41: 4 | P41: 목 | Q41: 809 | R41: 계속통행 | S41: 계속통행 | T41: 606
A42: 5 | B42: 일 | C42: 751 | D42: 1752 | E42: 1914 | F42: 543 | H42: 5 | I42: 화 | J42: 749 | K42: 계속통행 | L42: 계속통행 | M42: 555 | O42: 5 | P42: 금 | Q42: 835 | R42: 계속통행 | S42: 계속통행 | T42: 651
A43: 6 | B43: 월 | C43: 810 | D43: 계속통행 | E43: 계속통행 | F43: 627 | H43: 6 | I43: 수 | J43: 808 | K43: 계속통행 | L43: 계속통행 | M43: 646 | O43: 6 | P43: 토 | Q43: 900 | R43: 계속통행 | S43: 계속통행 | T43: 751
A44: 7 | B44: 화 | C44: 820 | D44: 계속통행 | E44: 계속통행 | F44: 계속통행 | H44: 7 | I44: 목 | J44: 819 | K44: 계속통행 | L44: 계속통행 | M44: 계속통행 | O44: 7 | P44: 일 | Q44: 918 | R44: 계속통행 | S44: 계속통행 | T44: 계속통행
A45: 8 | B45: 수 | C45: 계속통행 | D45: 계속통행 | E45: 계속통행 | F45: 계속통행 | H45: 8 | I45: 금 | J45: 계속통행 | K45: 계속통행 | L45: 계속통행 | M45: 계속통행 | O45: 8 | P45: 월 | Q45: 계속통행 | R45: 계속통행 | S45: 계속통행 | T45: 계속통행
A46: 9 | B46: 목 | C46: 계속통행 | D46: 계속통행 | E46: 계속통행 | F46: 계속통행 | H46: 9 | I46: 토 | J46: 계속통행 | K46: 계속통행 | L46: 계속통행 | M46: 계속통행 | O46: 9 | P46: 화 | Q46: 계속통행 | R46: 계속통행 | S46: 계속통행 | T46: 계속통행
A47: 10 | B47: 금 | C47: 계속통행 | D47: 계속통행 | E47: 계속통행 | F47: 계속통행 | H47: 10 | I47: 일 | J47: 계속통행 | K47: 계속통행 | L47: 계속통행 | M47: 계속통행 | O47: 10 | P47: 수 | Q47: 계속통행 | R47: 계속통행 | S47: 계속통행 | T47: 계속통행
A48: 11 | B48: 토 | C48: 계속통행 | D48: 계속통행 | E48: 계속통행 | F48: 계속통행 | H48: 11 | I48: 월 | J48: 계속통행 | K48: 계속통행 | L48: 계속통행 | M48: 계속통행 | O48: 11 | P48: 목 | Q48: 계속통행 | R48: 계속통행 | S48: 계속통행 | T48: 111
A49: 12 | B49: 일 | C49: 계속통행 | D49: 계속통행 | E49: 계속통행 | F49: 계속통행 | H49: 12 | I49: 화 | J49: 계속통행 | K49: 계속통행 | L49: 계속통행 | M49: 계속통행 | O49: 12 | P49: 금 | Q49: 206 | R49: 계속통행 | S49: 계속통행 | T49: 120
A50: 13 | B50: 월 | C50: 계속통행 | D50: 계속통행 | E50: 계속통행 | F50: 계속통행 | H50: 13 | I50: 수 | J50: 계속통행 | K50: 계속통행 | L50: 계속통행 | M50: 계속통행 | O50: 13 | P50: 토 | Q50: 358 | R50: 계속통행 | S50: 계속통행 | T50: 156
A51: 14 | B51: 화 | C51: 계속통행 | D51: 계속통행 | E51: 계속통행 | F51: 계속통행 | H51: 14 | I51: 목 | J51: 계속통행 | K51: 계속통행 | L51: 계속통행 | M51: 157 | O51: 14 | P51: 일 | Q51: 514 | R51: 1523 | S51: 1610 | T51: 239
A52: 15 | B52: 수 | C52: 계속통행 | D52: 1444 | E52: 1603 | F52: 247 | H52: 15 | I52: 금 | J52: 425 | K52: 1438 | L52: 1610 | M52: 221 | O52: 15 | P52: 월 | Q52: 619 | R52: 1600 | S52: 1718 | T52: 326
A53: 16 | B53: 목 | C53: 447 | D53: 1455 | E53: 1709 | F53: 300 | H53: 16 | I53: 토 | J53: 534 | K53: 1512 | L53: 1706 | M53: 257 | O53: 16 | P53: 화 | Q53: 717 | R53: 1645 | S53: 1815 | T53: 415
A54: 17 | B54: 금 | C54: 553 | D54: 1525 | E54: 1755 | F54: 328 | H54: 17 | I54: 일 | J54: 630 | K54: 1556 | L54: 1751 | M54: 339 | O54: 17 | P54: 수 | Q54: 810 | R54: 1732 | S54: 1906 | T54: 505
A55: 18 | B55: 토 | C55: 645 | D55: 1603 | E55: 1833 | F55: 403 | H55: 18 | I55: 월 | J55: 722 | K55: 1648 | L55: 1830 | M55: 426 | O55: 18 | P55: 목 | Q55: 856 | R55: 1822 | S55: 1951 | T55: 555
A56: 19 | B56: 일 | C56: 731 | D56: 1648 | E56: 1904 | F56: 444 | H56: 19 | I56: 화 | J56: 809 | K56: 1749 | L56: 1900 | M56: 518 | O56: 19 | P56: 금 | Q56: 935 | R56: 1917 | S56: 2028 | T56: 649
A57: 20 | B57: 월 | C57: 813 | D57: 1743 | E57: 1927 | F57: 532 | H57: 20 | I57: 수 | J57: 852 | K57: 계속통행 | L57: 계속통행 | M57: 616 | O57: 20 | P57: 토 | Q57: 1006 | R57: 계속통행 | S57: 계속통행 | T57: 750
A58: 21 | B58: 화 | C58: 850 | D58: 계속통행 | E58: 계속통행 | F58: 631 | H58: 21 | I58: 목 | J58: 931 | K58: 계속통행 | L58: 계속통행 | M58: 725 | O58: 21 | P58: 일 | Q58: 1028 | R58: 계속통행 | S58: 계속통행 | T58: 916
A59: 22 | B59: 수 | C59: 921 | D59: 계속통행 | E59: 계속통행 | F59: 755 | H59: 22 | I59: 금 | J59: 1002 | K59: 계속통행 | L59: 계속통행 | M59: 857 | O59: 22 | P59: 월 | Q59: 1030 | R59: 계속통행 | S59: 계속통행 | T59: 계속통행
A60: 23 | B60: 목 | C60: 939 | D60: 계속통행 | E60: 계속통행 | F60: 계속통행 | H60: 23 | I60: 토 | J60: 1018 | K60: 계속통행 | L60: 계속통행 | M60: 계속통행 | O60: 23 | P60: 화 | Q60: 계속통행 | R60: 계속통행 | S60: 계속통행 | T60: 계속통행
A61: 24 | B61: 금 | C61: 계속통행 | D61: 계속통행 | E61: 계속통행 | F61: 계속통행 | H61: 24 | I61: 일 | J61: 계속통행 | K61: 계속통행 | L61: 계속통행 | M61: 계속통행 | O61: 24 | P61: 수 | Q61: 계속통행 | R61: 계속통행 | S61: 계속통행 | T61: 계속통행
A62: 25 | B62: 토 | C62: 계속통행 | D62: 계속통행 | E62: 계속통행 | F62: 계속통행 | H62: 25 | I62: 월 | J62: 계속통행 | K62: 계속통행 | L62: 계속통행 | M62: 계속통행 | O62: 25 | P62: 목 | Q62: 계속통행 | R62: 계속통행 | S62: 계속통행 | T62: 계속통행
A63: 26 | B63: 일 | C63: 계속통행 | D63: 계속통행 | E63: 계속통행 | F63: 계속통행 | H63: 26 | I63: 화 | J63: 계속통행 | K63: 계속통행 | L63: 계속통행 | M63: 계속통행 | O63: 26 | P63: 금 | Q63: 계속통행 | R63: 계속통행 | S63: 계속통행 | T63: 계속통행
A64: 27 | B64: 월 | C64: 계속통행 | D64: 계속통행 | E64: 계속통행 | F64: 계속통행 | H64: 27 | I64: 수 | J64: 계속통행 | K64: 계속통행 | L64: 계속통행 | M64: 계속통행 | O64: 27 | P64: 토 | Q64: 계속통행 | R64: 계속통행 | S64: 계속통행 | T64: 242
A65: 28 | B65: 화 | C65: 계속통행 | D65: 계속통행 | E65: 계속통행 | F65: 242 | H65: 28 | I65: 목 | J65: 계속통행 | K65: 계속통행 | L65: 계속통행 | M65: 224 | O65: 28 | P65: 일 | Q65: 436 | R65: 계속통행 | S65: 계속통행 | T65: 304
A66: 29 | B66: 수 | C66: 347 | D66: 1457 | E66: 1604 | F66: 245 | H66: 29 | I66: 금 | J66: 420 | K66: 계속통행 | L66: 계속통행 | M66: 247 | O66: 29 | P66: 월 | Q66: 535 | R66: 계속통행 | S66: 계속통행 | T66: 331
A67: 30 | B67: 목 | C67: 503 | D67: 1521 | E67: 1649 | F67: 308 | H67: 30 | I67: 토 | J67: 516 | K67: 계속통행 | L67: 계속통행 | M67: 316 | O67: 30 | P67: 화 | Q67: 622 | R67: 계속통행 | S67: 계속통행 | T67: 359
H68: 31 | I68: 일 | J68: 559 | K68: 계속통행 | L68: 계속통행 | M68: 347
A69: 2026년 7월 통행가능 시간표 | H69: 2026년 8월 통행가능 시간표 | O69: 2026년 9월 통행가능 시간표
A70: 일자 | C70: 1 차 | E70: 2 차 | H70: 일자 | J70: 1 차 | L70: 2 차 | O70: 일자 | Q70: 1 차 | S70: 2 차
C71: ~부터 (열림) | D71: ~까지 (닫힘) | E71: ~부터 (열림) | F71: ~까지 (닫힘) | J71: ~부터 (열림) | K71: ~까지 (닫힘) | L71: ~부터 (열림) | M71: ~까지 (닫힘) | Q71: ~부터 (열림) | R71: ~까지 (닫힘) | S71: ~부터 (열림) | T71: ~까지 (닫힘)
A72: 1 | B72: 수 | C72: 702 | D72: 계속통행 | E72: 계속통행 | F72: 429 | H72: 1 | I72: 토 | J72: 802 | K72: 1718 | L72: 1937 | M72: 503 | O72: 1 | P72: 화 | Q72: 828 | R72: 1741 | S72: 2050 | T72: 558
A73: 2 | B73: 목 | C73: 739 | D73: 1757 | E73: 1824 | F73: 500 | H73: 2 | I73: 일 | J73: 831 | K73: 1748 | L73: 2015 | M73: 537 | O73: 2 | P73: 수 | Q73: 848 | R73: 1824 | S73: 2121 | T73: 654
A74: 3 | B74: 금 | C74: 812 | D74: 1821 | E74: 1908 | F74: 532 | H74: 3 | I74: 월 | J74: 857 | K74: 1822 | L74: 2050 | M74: 616 | O74: 3 | P74: 목 | Q74: 900 | R74: 1923 | S74: 2148 | T74: 계속통행
A75: 4 | B75: 토 | C75: 842 | D75: 1854 | E75: 1943 | F75: 608 | H75: 4 | I75: 화 | J75: 921 | K75: 1904 | L75: 2124 | M75: 706 | O75: 4 | P75: 금 | Q75: 계속통행 | R75: 2111 | S75: 2150 | T75: 계속통행
A76: 5 | B76: 일 | C76: 910 | D76: 1938 | E76: 2013 | F76: 651 | H76: 5 | I76: 수 | J76: 940 | K76: 2002 | L76: 2156 | M76: 826 | O76: 5 | P76: 토 | Q76: 계속통행 | R76: 계속통행 | S76: 계속통행 | T76: 계속통행
A77: 6 | B77: 월 | C77: 937 | D77: 계속통행 | E77: 계속통행 | F77: 746 | H77: 6 | I77: 목 | J77: 943 | K77: 2141 | L77: 2208 | M77: 계속통행 | O77: 6 | P77: 일 | Q77: 계속통행 | R77: 계속통행 | S77: 계속통행 | T77: 계속통행
A78: 7 | B78: 화 | C78: 959 | D78: 계속통행 | E78: 계속통행 | F78: 912 | H78: 7 | I78: 금 | J78: 계속통행 | K78: 계속통행 | L78: 계속통행 | M78: 계속통행 | O78: 7 | P78: 월 | Q78: 계속통행 | R78: 계속통행 | S78: 계속통행 | T78: 138
A79: 8 | B79: 수 | C79: 1007 | D79: 계속통행 | E79: 계속통행 | F79: 계속통행 | H79: 8 | I79: 토 | J79: 계속통행 | K79: 계속통행 | L79: 계속통행 | M79: 계속통행 | O79: 8 | P79: 화 | Q79: 256 | R79: 계속통행 | S79: 계속통행 | T79: 148
A80: 9 | B80: 목 | C80: 계속통행 | D80: 계속통행 | E80: 계속통행 | F80: 계속통행 | H80: 9 | I80: 일 | J80: 계속통행 | K80: 계속통행 | L80: 계속통행 | M80: 120 | O80: 9 | P80: 수 | Q80: 447 | R80: 1456 | S80: 1606 | T80: 218
A81: 10 | B81: 금 | C81: 계속통행 | D81: 계속통행 | E81: 계속통행 | F81: 49 | H81: 10 | I81: 월 | J81: 311 | K81: 계속통행 | L81: 계속통행 | M81: 149 | O81: 10 | P81: 목 | Q81: 548 | R81: 1457 | S81: 1735 | T81: 253
A82: 11 | B82: 토 | C82: 119 | D82: 계속통행 | E82: 계속통행 | F82: 107 | H82: 11 | I82: 화 | J82: 500 | K82: 계속통행 | L82: 계속통행 | M82: 227 | O82: 11 | P82: 금 | Q82: 633 | R82: 1521 | S82: 1831 | T82: 329
A83: 12 | B83: 일 | C83: 331 | D83: 계속통행 | E83: 계속통행 | F83: 148 | H83: 12 | I83: 수 | J83: 611 | K83: 1527 | L83: 1729 | M83: 306 | O83: 12 | P83: 토 | Q83: 707 | R83: 1551 | S83: 1915 | T83: 406
A84: 13 | B84: 월 | C84: 503 | D84: 계속통행 | E84: 계속통행 | F84: 232 | H84: 13 | I84: 목 | J84: 703 | K84: 1552 | L84: 1835 | M84: 346 | O84: 13 | P84: 일 | Q84: 735 | R84: 1624 | S84: 1952 | T84: 443
A85: 14 | B85: 화 | C85: 616 | D85: 1553 | E85: 1713 | F85: 317 | H85: 14 | I85: 금 | J85: 745 | K85: 1623 | L85: 1926 | M85: 425 | O85: 14 | P85: 월 | Q85: 757 | R85: 1659 | S85: 2022 | T85: 522
A86: 15 | B86: 수 | C86: 716 | D86: 1622 | E86: 1825 | F86: 402 | H86: 15 | I86: 토 | J86: 818 | K86: 1658 | L86: 2009 | M86: 503 | O86: 15 | P86: 화 | Q86: 813 | R86: 1737 | S86: 2047 | T86: 609
A87: 16 | B87: 목 | C87: 805 | D87: 1658 | E87: 1922 | F87: 446 | H87: 16 | I87: 일 | J87: 844 | K87: 1735 | L87: 2044 | M87: 543 | O87: 16 | P87: 수 | Q87: 821 | R87: 1822 | S87: 2103 | T87: 729
A88: 17 | B88: 금 | C88: 846 | D88: 1737 | E88: 2010 | F88: 529 | H88: 17 | I88: 월 | J88: 904 | K88: 1815 | L88: 2113 | M88: 627 | O88: 17 | P88: 목 | Q88: 756 | R88: 1927 | S88: 2102 | T88: 계속통행
A89: 18 | B89: 토 | C89: 919 | D89: 1818 | E89: 2051 | F89: 614 | H89: 18 | I89: 화 | J89: 917 | K89: 1904 | L89: 2134 | M89: 727 | O89: 18 | P89: 금 | Q89: 계속통행 | R89: 계속통행 | S89: 계속통행 | T89: 계속통행
A90: 19 | B90: 일 | C90: 944 | D90: 1905 | E90: 2125 | F90: 703 | H90: 19 | I90: 수 | J90: 915 | K90: 2017 | L90: 2134 | M90: 계속통행 | O90: 19 | P90: 토 | Q90: 계속통행 | R90: 계속통행 | S90: 계속통행 | T90: 계속통행
A91: 20 | B91: 월 | C91: 1001 | D91: 2003 | E91: 2149 | F91: 807 | H91: 20 | I91: 목 | J91: 계속통행 | K91: 계속통행 | L91: 계속통행 | M91: 계속통행 | O91: 20 | P91: 일 | Q91: 계속통행 | R91: 계속통행 | S91: 계속통행 | T91: 계속통행
A92: 21 | B92: 화 | C92: 1005 | D92: 계속통행 | E92: 계속통행 | F92: 계속통행 | H92: 21 | I92: 금 | J92: 계속통행 | K92: 계속통행 | L92: 계속통행 | M92: 계속통행 | O92: 21 | P92: 월 | Q92: 계속통행 | R92: 계속통행 | S92: 계속통행 | T92: 계속통행
A93: 22 | B93: 수 | C93: 계속통행 | D93: 계속통행 | E93: 계속통행 | F93: 계속통행 | H93: 22 | I93: 토 | J93: 계속통행 | K93: 계속통행 | L93: 계속통행 | M93: 계속통행 | O93: 22 | P93: 화 | Q93: 계속통행 | R93: 계속통행 | S93: 계속통행 | T93: 계속통행
A94: 23 | B94: 목 | C94: 계속통행 | D94: 계속통행 | E94: 계속통행 | F94: 계속통행 | H94: 23 | I94: 일 | J94: 계속통행 | K94: 계속통행 | L94: 계속통행 | M94: 계속통행 | O94: 23 | P94: 수 | Q94: 계속통행 | R94: 계속통행 | S94: 계속통행 | T94: 251
A95: 24 | B95: 금 | C95: 계속통행 | D95: 계속통행 | E95: 계속통행 | F95: 계속통행 | H95: 24 | I95: 월 | J95: 계속통행 | K95: 계속통행 | L95: 계속통행 | M95: 계속통행 | O95: 24 | P95: 목 | Q95: 331 | R95: 계속통행 | S95: 계속통행 | T95: 233
A96: 25 | B96: 토 | C96: 계속통행 | D96: 계속통행 | E96: 계속통행 | F96: 계속통행 | H96: 25 | I96: 화 | J96: 계속통행 | K96: 계속통행 | L96: 계속통행 | M96: 244 | O96: 25 | P96: 금 | Q96: 456 | R96: 1459 | S96: 1702 | T96: 250
A97: 26 | B97: 일 | C97: 계속통행 | D97: 계속통행 | E97: 계속통행 | F97: 304 | H97: 26 | I97: 수 | J97: 446 | K97: 계속통행 | L97: 계속통행 | M97: 251 | O97: 26 | P97: 토 | Q97: 544 | R97: 1509 | S97: 1800 | T97: 316
A98: 27 | B98: 월 | C98: 343 | D98: 계속통행 | E98: 계속통행 | F98: 255 | H98: 27 | I98: 목 | J98: 545 | K98: 1541 | L98: 1713 | M98: 312 | O98: 27 | P98: 일 | Q98: 622 | R98: 1531 | S98: 1847 | T98: 348
A99: 28 | B99: 화 | C99: 516 | D99: 계속통행 | E99: 계속통행 | F99: 312 | H99: 28 | I99: 금 | J99: 628 | K99: 1549 | L99: 1812 | M99: 338 | O99: 28 | P99: 월 | Q99: 655 | R99: 1600 | S99: 1928 | T99: 425
A100: 29 | B100: 수 | C100: 610 | D100: 계속통행 | E100: 계속통행 | F100: 336 | H100: 29 | I100: 토 | J100: 704 | K100: 1609 | L100: 1858 | M100: 407 | O100: 29 | P100: 화 | Q100: 724 | R100: 1634 | S100: 2006 | T100: 507
...

Sheet 2025년 제부도 통행시간표 (현장자료)
A1: 2025년 7월 통행가능 시간표 | H1: 2025년 8월 통행가능 시간표 | O1: 2025년 9월 통행가능 시간표
A2: 일자 | C2: 1 차 | E2: 2 차 | H2: 일자 | J2: 1 차 | L2: 2 차 | O2: 일자 | Q2: 1 차 | S2: 2 차
C3: ~부터 (열림) | D3: ~까지 (닫힘) | E3: ~부터 (열림) | F3: ~까지 (닫힘) | J3: ~부터 (열림) | K3: ~까지 (닫힘) | L3: ~부터 (열림) | M3: ~까지 (닫힘) | Q3: ~부터 (열림) | R3: ~까지 (닫힘) | S3: ~부터 (열림) | T3: ~까지 (닫힘)
A4: 1 | B4: 화 | C4: 0.40138889 | D4: 계속통행 | E4: 계속통행 | F4: 0.37638889 | H4: 1 | I4: 금 | J4: 계속통행 | K4: 계속통행 | L4: 계속통행 | M4: 계속통행 | O4: 1 | P4: 월 | Q4: 계속통행 | R4: 계속통행 | S4: 계속통행 | T4: 계속통행
A5: 2 | B5: 수 | C5: 0.40416667 | D5: 계속통행 | E5: 계속통행 | F5: 계속통행 | H5: 2 | I5: 토 | J5: 계속통행 | K5: 계속통행 | L5: 계속통행 | M5: 계속통행 | O5: 2 | P5: 화 | Q5: 계속통행 | R5: 계속통행 | S5: 계속통행 | T5: 계속통행
A6: 3 | B6: 목 | C6: 계속통행 | D6: 계속통행 | E6: 계속통행 | F6: 계속통행 | H6: 3 | I6: 일 | J6: 계속통행 | K6: 계속통행 | L6: 계속통행 | M6: 계속통행 | O6: 3 | P6: 수 | Q6: 계속통행 | R6: 계속통행 | S6: 계속통행 | T6: 계속통행
A7: 4 | B7: 금 | C7: 계속통행 | D7: 계속통행 | E7: 계속통행 | F7: 계속통행 | H7: 4 | I7: 월 | J7: 계속통행 | K7: 계속통행 | L7: 계속통행 | M7: 계속통행 | O7: 4 | P7: 목 | Q7: 계속통행 | R7: 계속통행 | S7: 계속통행 | T7: 계속통행
A8: 5 | B8: 토 | C8: 계속통행 | D8: 계속통행 | E8: 계속통행 | F8: 계속통행 | H8: 5 | I8: 화 | J8: 계속통행 | K8: 계속통행 | L8: 계속통행 | M8: 계속통행 | O8: 5 | P8: 금 | Q8: 계속통행 | R8: 계속통행 | S8: 계속통행 | T8: 0.1
A9: 6 | B9: 일 | C9: 계속통행 | D9: 계속통행 | E9: 계속통행 | F9: 계속통행 | H9: 6 | I9: 수 | J9: 계속통행 | K9: 계속통행 | L9: 계속통행 | M9: 0.11527778 | O9: 6 | P9: 토 | Q9: 0.21944444 | R9: 0.62847222 | S9: 0.70625 | T9: 0.11319444
A10: 7 | B10: 월 | C10: 계속통행 | D10: 계속통행 | E10: 계속통행 | F10: 계속통행 | H10: 7 | I10: 목 | J10: 0.175 | K10: 계속통행 | L10: 계속통행 | M10: 0.11111111 | O10: 7 | P10: 일 | Q10: 0.25 | R10: 0.63611111 | S10: 0.73263889 | T10: 0.12916667
A11: 8 | B11: 화 | C11: 계속통행 | D11: 계속통행 | E11: 계속통행 | F11: 0.11458333 | H11: 8 | I11: 금 | J11: 0.23194444 | K11: 계속통행 | L11: 계속통행 | M11: 0.12986111 | O11: 8 | P11: 월 | Q11: 0.28125 | R11: 0.64791667 | S11: 0.77708333 | T11: 0.15555556
A12: 9 | B12: 수 | C12: 0.19791667 | D12: 계속통행 | E12: 계속통행 | F12: 0.12708333 | H12: 9 | I12: 토 | J12: 0.26666667 | K12: 0.67222222 | L12: 0.725 | M12: 0.15 | O12: 9 | P12: 화 | Q12: 0.30347222 | R12: 0.66875 | S12: 0.81180556 | T12: 0.17569444
A13: 10 | B13: 목 | C13: 0.23819444 | D13: 계속통행 | E13: 계속통행 | F13: 0.13888889 | H13: 10 | I13: 일 | J13: 0.29722222 | K13: 0.68125 | L13: 0.76944444 | M13: 0.17222222 | O13: 10 | P13: 수 | Q13: 0.32916667 | R13: 0.69375 | S13: 0.84027778 | T13: 0.20833333
A14: 11 | B14: 금 | C14: 0.27916667 | D14: 0.70694444 | E14: 0.73055556 | F14: 0.16736111 | H14: 11 | I14: 월 | J14: 0.325 | K14: 0.69791667 | L14: 0.80833333 | M14: 0.19583333 | O14: 11 | P14: 목 | Q14: 0.34652778 | R14: 0.71875 | S14: 0.87013889 | T14: 0.23541667
A15: 12 | B15: 토 | C15: 0.31041667 | D15: 0.72291667 | E15: 0.74722222 | F15: 0.19236111 | H15: 12 | I15: 화 | J15: 0.34791667 | K15: 0.71875 | L15: 0.84305556 | M15: 0.21875 | O15: 12 | P15: 금 | Q15: 0.36111111 | R15: 0.74861111 | S15: 0.89236111 | T15: 0.27569444
A16: 13 | B16: 일 | C16: 0.33680556 | D16: 0.73680556 | E16: 0.78958333 | F16: 0.21180556 | H16: 13 | I16: 수 | J16: 0.37430556 | K16: 0.73958333 | L16: 0.86666667 | M16: 0.25 | O16: 13 | P16: 토 | Q16: 0.36944444 | R16: 0.8 | S16: 0.90625 | T16: 계속통행
A17: 14 | B17: 월 | C17: 0.35972222 | D17: 0.75833333 | E17: 0.81736111 | F17: 0.23611111 | H17: 14 | I17: 목 | J17: 0.39027778 | K17: 0.78333333 | L17: 0.89236111 | M17: 0.29444444 | O17: 14 | P17: 일 | Q17: 계속통행 | R17: 0.85555556 | S17: 0.92083333 | T17: 계속통행
A18: 15 | B18: 화 | C18: 0.38263889 | D18: 0.78263889 | E18: 0.85416667 | F18: 0.26944444 | H18: 15 | I18: 금 | J18: 0.39027778 | K18: 0.81944444 | L18: 0.91597222 | M18: 계속통행 | O18: 15 | P18: 월 | Q18: 계속통행 | R18: 계속통행 | S18: 계속통행 | T18: 계속통행
A19: 16 | B19: 수 | C19: 0.40763889 | D19: 0.79861111 | E19: 0.9 | F19: 0.29722222 | H19: 16 | I19: 토 | J19: 계속통행 | K19: 0.88472222 | L19: 0.92638889 | M19: 계속통행 | O19: 16 | P19: 화 | Q19: 계속통행 | R19: 계속통행 | S19: 계속통행 | T19: 계속통행
A20: 17 | B20: 목 | C20: 0.42152778 | D20: 0.8625 | E20: 0.90486111 | F20: 0.36180556 | H20: 17 | I20: 일 | J20: 계속통행 | K20: 계속통행 | L20: 계속통행 | M20: 계속통행 | O20: 17 | P20: 수 | Q20: 계속통행 | R20: 계속통행 | S20: 계속통행 | T20: 계속통행
A21: 18 | B21: 금 | C21: 0.42222222 | D21: 계속통행 | E21: 계속통행 | F21: 계속통행 | H21: 18 | I21: 월 | J21: 계속통행 | K21: 계속통행 | L21: 계속통행 | M21: 계속통행 | O21: 18 | P21: 목 | Q21: 계속통행 | R21: 계속통행 | S21: 계속통행 | T21: 0.078472222
A22: 19 | B22: 토 | C22: 계속통행 | D22: 계속통행 | E22: 계속통행 | F22: 계속통행 | H22: 19 | I22: 화 | J22: 계속통행 | K22: 계속통행 | L22: 계속통행 | M22: 계속통행 | O22: 19 | P22: 금 | Q22: 0.175 | R22: 계속통행 | S22: 계속통행 | T22: 0.084027778
A23: 20 | B23: 일 | C23: 계속통행 | D23: 계속통행 | E23: 계속통행 | F23: 계속통행 | H23: 20 | I23: 수 | J23: 계속통행 | K23: 계속통행 | L23: 계속통행 | M23: 0.08125 | O23: 20 | P23: 토 | Q23: 0.21944444 | R23: 0.63888889 | S23: 0.69097222 | T23: 0.12152778
A24: 21 | B24: 월 | C24: 계속통행 | D24: 계속통행 | E24: 계속통행 | F24: 0.054166667 | H24: 21 | I24: 목 | J24: 0.1875 | K24: 계속통행 | L24: 계속통행 | M24: 0.10416667 | O24: 21 | P24: 일 | Q24: 0.24305556 | R24: 0.63402778 | S24: 0.74305556 | T24: 0.13263889
A25: 22 | B25: 화 | C25: 0.12847222 | D25: 계속통행 | E25: 계속통행 | F25: 0.079861111 | H25: 22 | I25: 금 | J25: 0.23333333 | K25: 0.64513889 | L25: 0.69791667 | M25: 0.12916667 | O25: 22 | P25: 월 | Q25: 0.27430556 | R25: 0.64722222 | S25: 0.78333333 | T25: 0.16111111
A26: 23 | B26: 수 | C26: 0.19583333 | D26: 계속통행 | E26: 계속통행 | F26: 0.10625 | H26: 23 | I26: 토 | J26: 0.27083333 | K26: 0.65069444 | L26: 0.74444444 | M26: 0.15208333 | O26: 23 | P26: 화 | Q26: 0.29236111 | R26: 0.67361111 | S26: 0.80416667 | T26: 0.18125
A27: 24 | B27: 목 | C27: 0.24791667 | D27: 계속통행 | E27: 계속통행 | F27: 0.13472222 | H27: 24 | I27: 일 | J27: 0.29652778 | K27: 0.675 | L27: 0.78055556 | M27: 0.17291667 | O27: 24 | P27: 수 | Q27: 0.3125 | R27: 0.68333333 | S27: 0.82430556 | T27: 0.20763889
A28: 25 | B28: 금 | C28: 0.28819444 | D28: 0.67638889 | E28: 0.75555556 | F28: 0.15972222 | H28: 25 | I28: 월 | J28: 0.32013889 | K28: 0.69027778 | L28: 0.8125 | M28: 0.19444444 | O28: 25 | P28: 목 | Q28: 0.31319444 | R28: 0.70972222 | S28: 0.83472222 | T28: 0.24097222
A29: 26 | B29: 토 | C29: 0.32361111 | D29: 0.70138889 | E29: 0.78611111 | F29: 0.1875 | H29: 26 | I29: 화 | J29: 0.33541667 | K29: 0.71805556 | L29: 0.82777778 | M29: 0.22291667 | O29: 26 | P29: 금 | Q29: 0.31388889 | R29: 0.73611111 | S29: 0.84583333 | T29: 계속통행
A30: 27 | B30: 일 | C30: 0.34722222 | D30: 0.71944444 | E30: 0.82152778 | F30: 0.21527778 | H30: 27 | I30: 수 | J30: 0.34097222 | K30: 0.73611111 | L30: 0.85138889 | M30: 0.25 | O30: 27 | P30: 토 | Q30: 계속통행 | R30: 0.76319444 | S30: 0.85486111 | T30: 계속통행
A31: 28 | B31: 월 | C31: 0.36666667 | D31: 0.74791667 | E31: 0.84583333 | F31: 0.24305556 | H31: 28 | I31: 목 | J31: 0.35486111 | K31: 0.76111111 | L31: 0.86597222 | M31: 0.27916667 | O31: 28 | P31: 일 | Q31: 계속통행 | R31: 계속통행 | S31: 계속통행 | T31: 계속통행
A32: 29 | B32: 화 | C32: 0.37777778 | D32: 0.77152778 | E32: 0.87013889 | F32: 0.26736111 | H32: 29 | I32: 금 | J32: 0.35138889 | K32: 0.80277778 | L32: 0.85833333 | M32: 계속통행 | O32: 29 | P32: 월 | Q32: 계속통행 | R32: 계속통행 | S32: 계속통행 | T32: 계속통행
A33: 30 | B33: 수 | C33: 0.39375 | D33: 0.8 | E33: 0.88472222 | F33: 0.30694444 | H33: 30 | I33: 토 | J33: 계속통행 | K33: 계속통행 | L33: 계속통행 | M33: 계속통행 | O33: 30 | P33: 화 | Q33: 계속통행 | R33: 계속통행 | S33: 계속통행 | T33: 계속통행
A34: 31 | B34: 목 | C34: 0.39444444 | D34: 계속통행 | E34: 계속통행 | F34: 계속통행 | H34: 31 | I34: 일 | J34: 계속통행 | K34: 계속통행 | L34: 계속통행 | M34: 계속통행
A35: 2025년 10월 통행가능 시간표 | H35: 2025년 11월 통행가능 시간표 | O35: 2025년 12월 통행가능 시간표
A36: 일자 | C36: 1 차 | E36: 2 차 | H36: 일자 | J36: 1 차 | L36: 2 차 | O36: 일자 | Q36: 1 차 | S36: 2 차
C37: ~부터 (열림) | D37: ~까지 (닫힘) | E37: ~부터 (열림) | F37: ~까지 (닫힘) | J37: ~부터 (열림) | K37: ~까지 (닫힘) | L37: ~부터 (열림) | M37: ~까지 (닫힘) | Q37: ~부터 (열림) | R37: ~까지 (닫힘) | S37: ~부터 (열림) | T37: ~까지 (닫힘)
A38: 1 | B38: 수 | C38: 계속통행 | D38: 계속통행 | E38: 계속통행 | F38: 계속통행 | H38: 1 | I38: 토 | J38: 계속통행 | K38: 계속통행 | L38: 계속통행 | M38: 계속통행 | O38: 1 | P38: 월
A39: 2 | B39: 목 | C39: 계속통행 | D39: 계속통행 | E39: 계속통행 | F39: 계속통행 | H39: 2 | I39: 일 | J39: 계속통행 | K39: 계속통행 | L39: 계속통행 | M39: 계속통행 | O39: 2 | P39: 화
A40: 3 | B40: 금 | C40: 계속통행 | D40: 계속통행 | E40: 계속통행 | F40: 계속통행 | H40: 3 | I40: 월 | J40: 계속통행 | K40: 0.57777778 | L40: 0.66458333 | M40: 0.076388889 | O40: 3 | P40: 수
A41: 4 | B41: 토 | C41: 계속통행 | D41: 계속통행 | E41: 계속통행 | F41: 0.083333333 | H41: 4 | I41: 화 | J41: 0.17986111 | K41: 0.58402778 | L41: 0.71319444 | M41: 0.10763889 | O41: 4 | P41: 목
A42: 5 | B42: 일 | C42: 0.17777778 | D42: 0.60416667 | E42: 0.675 | F42: 0.099305556 | H42: 5 | I42: 수 | J42: 0.20972222 | K42: 0.60763889 | L42: 0.75416667 | M42: 0.13402778 | O42: 5 | P42: 금
A43: 6 | B43: 월 | C43: 0.21736111 | D43: 0.60416667 | E43: 0.73125 | F43: 0.12083333 | H43: 6 | I43: 목 | J43: 0.24027778 | K43: 0.62222222 | L43: 0.78958333 | M43: 0.16458333 | O43: 6 | P43: 토
A44: 7 | B44: 화 | C44: 0.25138889 | D44: 0.62083333 | E44: 0.77013889 | F44: 0.14097222 | H44: 7 | I44: 금 | J44: 0.26458333 | K44: 0.65972222 | L44: 0.82291667 | M44: 0.20069444 | O44: 7 | P44: 일
A45: 8 | B45: 수 | C45: 0.27430556 | D45: 0.63888889 | E45: 0.80208333 | F45: 0.16527778 | H45: 8 | I45: 토 | J45: 0.29097222 | K45: 0.68402778 | L45: 0.85486111 | M45: 0.23680556 | O45: 8 | P45: 월
A46: 9 | B46: 목 | C46: 0.29930556 | D46: 0.66458333 | E46: 0.83819444 | F46: 0.1875 | H46: 9 | I46: 일 | J46: 0.30069444 | K46: 0.72569444 | L46: 0.88125 | M46: 계속통행 | O46: 9 | P46: 화
A47: 10 | B47: 금 | C47: 0.32638889 | D47: 0.69791667 | E47: 0.86458333 | F47: 0.23055556 | H47: 10 | I47: 월 | J47: 계속통행 | K47: 0.77847222 | L47: 0.89375 | M47: 계속통행 | O47: 10 | P47: 수
A48: 11 | B48: 토 | C48: 0.33958333 | D48: 0.72986111 | E48: 0.88958333 | F48: 0.30625 | H48: 11 | I48: 화 | J48: 계속통행 | K48: 0.84722222 | L48: 0.89583333 | M48: 계속통행 | O48: 11 | P48: 목
A49: 12 | B49: 일 | C49: 0.32708333 | D49: 0.78125 | E49: 0.90416667 | F49: 계속통행 | H49: 12 | I49: 수 | J49: 계속통행 | K49: 계속통행 | L49: 계속통행 | M49: 계속통행 | O49: 12 | P49: 금
A50: 13 | B50: 월 | C50: 계속통행 | D50: 계속통행 | E50: 0.85555556 | F50: 0.88541667 | H50: 13 | I50: 목 | J50: 계속통행 | K50: 계속통행 | L50: 계속통행 | M50: 계속통행 | O50: 13 | P50: 토
A51: 14 | B51: 화 | C51: 계속통행 | D51: 계속통행 | E51: 계속통행 | F51: 계속통행 | H51: 14 | I51: 금 | J51: 계속통행 | K51: 계속통행 | L51: 계속통행 | M51: 계속통행 | O51: 14 | P51: 일
A52: 15 | B52: 수 | C52: 계속통행 | D52: 계속통행 | E52: 계속통행 | F52: 계속통행 | H52: 15 | I52: 토 | J52: 계속통행 | K52: 계속통행 | L52: 계속통행 | M52: 계속통행 | O52: 15 | P52: 월
A53: 16 | B53: 목 | C53: 계속통행 | D53: 계속통행 | E53: 계속통행 | F53: 계속통행 | H53: 16 | I53: 일 | J53: 계속통행 | K53: 계속통행 | L53: 계속통행 | M53: 계속통행 | O53: 16 | P53: 화
A54: 17 | B54: 금 | C54: 계속통행 | D54: 계속통행 | E54: 계속통행 | F54: 0.091666667 | H54: 17 | I54: 월 | J54: 계속통행 | K54: 계속통행 | L54: 계속통행 | M54: 계속통행 | O54: 17 | P54: 수
A55: 18 | B55: 토 | C55: 0.15416667 | D55: 계속통행 | E55: 계속통행 | F55: 0.10763889 | H55: 18 | I55: 화 | J55: 계속통행 | K55: 0.61805556 | L55: 0.67708333 | M55: 계속통행 | O55: 18 | P55: 목
A56: 19 | B56: 일 | C56: 0.1625 | D56: 0.59375 | E56: 0.69930556 | F56: 0.11388889 | H56: 19 | I56: 수 | J56: 계속통행 | K56: 0.62222222 | L56: 0.72430556 | M56: 계속통행 | O56: 19 | P56: 금
A57: 20 | B57: 월 | C57: 0.20138889 | D57: 0.62847222 | E57: 0.72430556 | F57: 0.14166667 | H57: 20 | I57: 목 | J57: 계속통행 | K57: 0.64375 | L57: 0.75 | M57: 계속통행 | O57: 20 | P57: 토
A58: 21 | B58: 화 | C58: 0.22569444 | D58: 0.63333333 | E58: 0.75347222 | F58: 0.15277778 | H58: 21 | I58: 금 | J58: 계속통행 | K58: 0.6625 | L58: 0.77638889 | M58: 계속통행 | O58: 21 | P58: 일
A59: 22 | B59: 수 | C59: 0.24444444 | D59: 0.64930556 | E59: 0.77916667 | F59: 0.17291667 | H59: 22 | I59: 토 | J59: 계속통행 | K59: 0.68055556 | L59: 0.80347222 | M59: 계속통행 | O59: 22 | P59: 월
A60: 23 | B60: 목 | C60: 0.26388889 | D60: 0.67013889 | E60: 0.8 | F60: 0.20972222 | H60: 23 | I60: 일 | J60: 계속통행 | K60: 0.70416667 | L60: 0.82291667 | M60: 계속통행 | O60: 23 | P60: 화
A61: 24 | B61: 금 | C61: 0.26944444 | D61: 0.69027778 | E61: 0.81736111 | F61: 0.23472222 | H61: 24 | I61: 월 | J61: 계속통행 | K61: 0.73125 | L61: 0.83194444 | M61: 계속통행 | O61: 24 | P61: 수
A62: 25 | B62: 토 | C62: 0.27638889 | D62: 0.70833333 | E62: 0.82847222 | F62: 계속통행 | H62: 25 | I62: 화 | J62: 계속통행 | K62: 계속통행 | L62: 계속통행 | M62: 계속통행 | O62: 25 | P62: 목
A63: 26 | B63: 일 | C63: 계속통행 | D63: 0.74722222 | E63: 0.84861111 | F63: 계속통행 | H63: 26 | I63: 수 | J63: 계속통행 | K63: 계속통행 | L63: 계속통행 | M63: 계속통행 | O63: 26 | P63: 금
A64: 27 | B64: 월 | C64: 계속통행 | D64: 0.78263889 | E64: 0.85347222 | F64: 계속통행 | H64: 27 | I64: 목 | J64: 계속통행 | K64: 계속통행 | L64: 계속통행 | M64: 계속통행 | O64: 27 | P64: 토
A65: 28 | B65: 화 | C65: 계속통행 | D65: 계속통행 | E65: 계속통행 | F65: 계속통행 | H65: 28 | I65: 금 | J65: 계속통행 | K65: 계속통행 | L65: 계속통행 | M65: 계속통행 | O65: 28 | P65: 일
A66: 29 | B66: 수 | C66: 계속통행 | D66: 계속통행 | E66: 계속통행 | F66: 계속통행 | H66: 29 | I66: 토 | J66: 계속통행 | K66: 계속통행 | L66: 계속통행 | M66: 계속통행 | O66: 29 | P66: 월
A67: 30 | B67: 목 | C67: 계속통행 | D67: 계속통행 | E67: 계속통행 | F67: 계속통행 | H67: 30 | I67: 일 | J67: 계속통행 | K67: 계속통행 | L67: 계속통행 | M67: 계속통행 | O67: 30 | P67: 화
A68: 31 | B68: 금 | C68: 계속통행 | D68: 계속통행 | E68: 계속통행 | F68: 계속통행 | O68: 31 | P68: 수

Sheet 2025년 제부도 통행시간표 (편차)
A1: 2025년 7월 통행가능 시간표 | H1: 2025년 8월 통행가능 시간표 | O1: 2025년 9월 통행가능 시간표
A2: 일자 | C2: 1 차 | E2: 2 차 | H2: 일자 | J2: 1 차 | L2: 2 차 | O2: 일자 | Q2: 1 차 | S2: 2 차
C3: ~부터 (열림) | D3: ~까지 (닫힘) | E3: ~부터 (열림) | F3: ~까지 (닫힘) | J3: ~부터 (열림) | K3: ~까지 (닫힘) | L3: ~부터 (열림) | M3: ~까지 (닫힘) | Q3: ~부터 (열림) | R3: ~까지 (닫힘) | S3: ~부터 (열림) | T3: ~까지 (닫힘)
A4: 1 | B4: 화 | C4: ='2025년 제부도 통행시간표 (현장자료)'!C4-'2026년 제부도 통행시간표 (공표자료)'!C72 -> -701.59861 | F4: ='2025년 제부도 통행시간표 (현장자료)'!F4-'2026년 제부도 통행시간표 (공표자료)'!F72 -> -428.62361 | H4: 1 | I4: 금 | O4: 1 | P4: 월
A5: 2 | B5: 수 | C5: ='2025년 제부도 통행시간표 (현장자료)'!C5-'2026년 제부도 통행시간표 (공표자료)'!C73 -> -738.59583 | H5: 2 | I5: 토 | O5: 2 | P5: 화
A6: 3 | B6: 목 | H6: 3 | I6: 일 | O6: 3 | P6: 수
A7: 4 | B7: 금 | H7: 4 | I7: 월 | O7: 4 | P7: 목
A8: 5 | B8: 토 | H8: 5 | I8: 화 | O8: 5 | P8: 금 | T8: ='2025년 제부도 통행시간표 (현장자료)'!T8-'2026년 제부도 통행시간표 (공표자료)'!T76 -> #VALUE!
A9: 6 | B9: 일 | H9: 6 | I9: 수 | M9: ='2025년 제부도 통행시간표 (현장자료)'!M9-'2026년 제부도 통행시간표 (공표자료)'!M77 -> #VALUE! | O9: 6 | P9: 토 | Q9: ='2025년 제부도 통행시간표 (현장자료)'!Q9-'2026년 제부도 통행시간표 (공표자료)'!Q77 -> #VALUE! | T9: ='2025년 제부도 통행시간표 (현장자료)'!T9-'2026년 제부도 통행시간표 (공표자료)'!T77 -> #VALUE!
A10: 7 | B10: 월 | H10: 7 | I10: 목 | J10: ='2025년 제부도 통행시간표 (현장자료)'!J10-'2026년 제부도 통행시간표 (공표자료)'!J78 -> #VALUE! | M10: ='2025년 제부도 통행시간표 (현장자료)'!M10-'2026년 제부도 통행시간표 (공표자료)'!M78 -> #VALUE! | O10: 7 | P10: 일 | Q10: ='2025년 제부도 통행시간표 (현장자료)'!Q10-'2026년 제부도 통행시간표 (공표자료)'!Q78 -> #VALUE! | R10: ='2025년 제부도 통행시간표 (현장자료)'!R10-'2026년 제부도 통행시간표 (공표자료)'!R78 -> #VALUE! | S10: ='2025년 제부도 통행시간표 (현장자료)'!S10-'2026년 제부도 통행시간표 (공표자료)'!S78 -> #VALUE! | T10: ='2025년 제부도 통행시간표 (현장자료)'!T10-'2026년 제부도 통행시간표 (공표자료)'!T78 -> -137.87083
A11: 8 | B11: 화 | F11: ='2025년 제부도 통행시간표 (현장자료)'!F11-'2026년 제부도 통행시간표 (공표자료)'!F79 -> #VALUE! | H11: 8 | I11: 금 | J11: ='2025년 제부도 통행시간표 (현장자료)'!J11-'2026년 제부도 통행시간표 (공표자료)'!J79 -> #VALUE! | M11: ='2025년 제부도 통행시간표 (현장자료)'!M11-'2026년 제부도 통행시간표 (공표자료)'!M79 -> #VALUE! | O11: 8 | P11: 월 | Q11: ='2025년 제부도 통행시간표 (현장자료)'!Q11-'2026년 제부도 통행시간표 (공표자료)'!Q79 -> -255.71875 | R11: ='2025년 제부도 통행시간표 (현장자료)'!R11-'2026년 제부도 통행시간표 (공표자료)'!R79 -> #VALUE! | S11: ='2025년 제부도 통행시간표 (현장자료)'!S11-'2026년 제부도 통행시간표 (공표자료)'!S79 -> #VALUE! | T11: ='2025년 제부도 통행시간표 (현장자료)'!T11-'2026년 제부도 통행시간표 (공표자료)'!T79 -> -147.84444
A12: 9 | B12: 수 | C12: ='2025년 제부도 통행시간표 (현장자료)'!C12-'2026년 제부도 통행시간표 (공표자료)'!C80 -> #VALUE! | F12: ='2025년 제부도 통행시간표 (현장자료)'!F12-'2026년 제부도 통행시간표 (공표자료)'!F80 -> #VALUE! | H12: 9 | I12: 토 | J12: ='2025년 제부도 통행시간표 (현장자료)'!J12-'2026년 제부도 통행시간표 (공표자료)'!J80 -> #VALUE! | K12: ='2025년 제부도 통행시간표 (현장자료)'!K12-'2026년 제부도 통행시간표 (공표자료)'!K80 -> #VALUE! | L12: ='2025년 제부도 통행시간표 (현장자료)'!L12-'2026년 제부도 통행시간표 (공표자료)'!L80 -> #VALUE! | M12: ='2025년 제부도 통행시간표 (현장자료)'!M12-'2026년 제부도 통행시간표 (공표자료)'!M80 -> -119.85 | O12: 9 | P12: 화 | Q12: ='2025년 제부도 통행시간표 (현장자료)'!Q12-'2026년 제부도 통행시간표 (공표자료)'!Q80 -> -446.69653 | R12: ='2025년 제부도 통행시간표 (현장자료)'!R12-'2026년 제부도 통행시간표 (공표자료)'!R80 -> -1455.3312 | S12: ='2025년 제부도 통행시간표 (현장자료)'!S12-'2026년 제부도 통행시간표 (공표자료)'!S80 -> -1605.1882 | T12: ='2025년 제부도 통행시간표 (현장자료)'!T12-'2026년 제부도 통행시간표 (공표자료)'!T80 -> -217.82431
A13: 10 | B13: 목 | C13: ='2025년 제부도 통행시간표 (현장자료)'!C13-'2026년 제부도 통행시간표 (공표자료)'!C81 -> #VALUE! | F13: ='2025년 제부도 통행시간표 (현장자료)'!F13-'2026년 제부도 통행시간표 (공표자료)'!F81 -> -48.861111 | H13: 10 | I13: 일 | J13: ='2025년 제부도 통행시간표 (현장자료)'!J13-'2026년 제부도 통행시간표 (공표자료)'!J81 -> -310.70278 | K13: ='2025년 제부도 통행시간표 (현장자료)'!K13-'2026년 제부도 통행시간표 (공표자료)'!K81 -> #VALUE! | L13: ='2025년 제부도 통행시간표 (현장자료)'!L13-'2026년 제부도 통행시간표 (공표자료)'!L81 -> #VALUE! | M13: ='2025년 제부도 통행시간표 (현장자료)'!M13-'2026년 제부도 통행시간표 (공표자료)'!M81 -> -148.82778 | O13: 10 | P13: 수 | Q13: ='2025년 제부도 통행시간표 (현장자료)'!Q13-'2026년 제부도 통행시간표 (공표자료)'!Q81 -> -547.67083 | R13: ='2025년 제부도 통행시간표 (현장자료)'!R13-'2026년 제부도 통행시간표 (공표자료)'!R81 -> -1456.3063 | S13: ='2025년 제부도 통행시간표 (현장자료)'!S13-'2026년 제부도 통행시간표 (공표자료)'!S81 -> -1734.1597 | T13: ='2025년 제부도 통행시간표 (현장자료)'!T13-'2026년 제부도 통행시간표 (공표자료)'!T81 -> -252.79167
A14: 11 | B14: 금 | C14: ='2025년 제부도 통행시간표 (현장자료)'!C14-'2026년 제부도 통행시간표 (공표자료)'!C82 -> -118.72083 | F14: ='2025년 제부도 통행시간표 (현장자료)'!F14-'2026년 제부도 통행시간표 (공표자료)'!F82 -> -106.83264 | H14: 11 | I14: 월 | J14: ='2025년 제부도 통행시간표 (현장자료)'!J14-'2026년 제부도 통행시간표 (공표자료)'!J82 -> -499.675 | K14: ='2025년 제부도 통행시간표 (현장자료)'!K14-'2026년 제부도 통행시간표 (공표자료)'!K82 -> #VALUE! | L14: ='2025년 제부도 통행시간표 (현장자료)'!L14-'2026년 제부도 통행시간표 (공표자료)'!L82 -> #VALUE! | M14: ='2025년 제부도 통행시간표 (현장자료)'!M14-'2026년 제부도 통행시간표 (공표자료)'!M82 -> -226.80417 | O14: 11 | P14: 목 | Q14: ='2025년 제부도 통행시간표 (현장자료)'!Q14-'2026년 제부도 통행시간표 (공표자료)'!Q82 -> -632.65347 | R14: ='2025년 제부도 통행시간표 (현장자료)'!R14-'2026년 제부도 통행시간표 (공표자료)'!R82 -> -1520.2812 | S14: ='2025년 제부도 통행시간표 (현장자료)'!S14-'2026년 제부도 통행시간표 (공표자료)'!S82 -> -1830.1299 | T14: ='2025년 제부도 통행시간표 (현장자료)'!T14-'2026년 제부도 통행시간표 (공표자료)'!T82 -> -328.76458
A15: 12 | B15: 토 | C15: ='2025년 제부도 통행시간표 (현장자료)'!C15-'2026년 제부도 통행시간표 (공표자료)'!C83 -> -330.68958 | D15: ='2025년 제부도 통행시간표 (현장자료)'!D15-'2026년 제부도 통행시간표 (공표자료)'!D83 -> #VALUE! | E15: ='2025년 제부도 통행시간표 (현장자료)'!E15-'2026년 제부도 통행시간표 (공표자료)'!E83 -> #VALUE! | F15: ='2025년 제부도 통행시간표 (현장자료)'!F15-'2026년 제부도 통행시간표 (공표자료)'!F83 -> -147.80764 | H15: 12 | I15: 화 | J15: ='2025년 제부도 통행시간표 (현장자료)'!J15-'2026년 제부도 통행시간표 (공표자료)'!J83 -> -610.65208 | K15: ='2025년 제부도 통행시간표 (현장자료)'!K15-'2026년 제부도 통행시간표 (공표자료)'!K83 -> -1526.2812 | L15: ='2025년 제부도 통행시간표 (현장자료)'!L15-'2026년 제부도 통행시간표 (공표자료)'!L83 -> -1728.1569 | M15: ='2025년 제부도 통행시간표 (현장자료)'!M15-'2026년 제부도 통행시간표 (공표자료)'!M83 -> -305.78125 | O15: 12 | P15: 금 | Q15: ='2025년 제부도 통행시간표 (현장자료)'!Q15-'2026년 제부도 통행시간표 (공표자료)'!Q83 -> -706.63889 | R15: ='2025년 제부도 통행시간표 (현장자료)'!R15-'2026년 제부도 통행시간표 (공표자료)'!R83 -> -1550.2514 | S15: ='2025년 제부도 통행시간표 (현장자료)'!S15-'2026년 제부도 통행시간표 (공표자료)'!S83 -> -1914.1076 | T15: ='2025년 제부도 통행시간표 (현장자료)'!T15-'2026년 제부도 통행시간표 (공표자료)'!T83 -> -405.72431
A16: 13 | B16: 일 | C16: ='2025년 제부도 통행시간표 (현장자료)'!C16-'2026년 제부도 통행시간표 (공표자료)'!C84 -> -502.66319 | D16: ='2025년 제부도 통행시간표 (현장자료)'!D16-'2026년 제부도 통행시간표 (공표자료)'!D84 -> #VALUE! | E16: ='2025년 제부도 통행시간표 (현장자료)'!E16-'2026년 제부도 통행시간표 (공표자료)'!E84 -> #VALUE! | F16: ='2025년 제부도 통행시간표 (현장자료)'!F16-'2026년 제부도 통행시간표 (공표자료)'!F84 -> -231.78819 | H16: 13 | I16: 수 | J16: ='2025년 제부도 통행시간표 (현장자료)'!J16-'2026년 제부도 통행시간표 (공표자료)'!J84 -> -702.62569 | K16: ='2025년 제부도 통행시간표 (현장자료)'!K16-'2026년 제부도 통행시간표 (공표자료)'!K84 -> -1551.2604 | L16: ='2025년 제부도 통행시간표 (현장자료)'!L16-'2026년 제부도 통행시간표 (공표자료)'!L84 -> -1834.1333 | M16: ='2025년 제부도 통행시간표 (현장자료)'!M16-'2026년 제부도 통행시간표 (공표자료)'!M84 -> -345.75 | O16: 13 | P16: 토 | Q16: ='2025년 제부도 통행시간표 (현장자료)'!Q16-'2026년 제부도 통행시간표 (공표자료)'!Q84 -> -734.63056 | R16: ='2025년 제부도 통행시간표 (현장자료)'!R16-'2026년 제부도 통행시간표 (공표자료)'!R84 -> -1623.2 | S16: ='2025년 제부도 통행시간표 (현장자료)'!S16-'2026년 제부도 통행시간표 (공표자료)'!S84 -> -1951.0938
A17: 14 | B17: 월 | C17: ='2025년 제부도 통행시간표 (현장자료)'!C17-'2026년 제부도 통행시간표 (공표자료)'!C85 -> -615.64028 | D17: ='2025년 제부도 통행시간표 (현장자료)'!D17-'2026년 제부도 통행시간표 (공표자료)'!D85 -> -1552.2417 | E17: ='2025년 제부도 통행시간표 (현장자료)'!E17-'2026년 제부도 통행시간표 (공표자료)'!E85 -> -1712.1826 | F17: ='2025년 제부도 통행시간표 (현장자료)'!F17-'2026년 제부도 통행시간표 (공표자료)'!F85 -> -316.76389 | H17: 14 | I17: 목 | J17: ='2025년 제부도 통행시간표 (현장자료)'!J17-'2026년 제부도 통행시간표 (공표자료)'!J85 -> -744.60972 | K17: ='2025년 제부도 통행시간표 (현장자료)'!K17-'2026년 제부도 통행시간표 (공표자료)'!K85 -> -1622.2167 | L17: ='2025년 제부도 통행시간표 (현장자료)'!L17-'2026년 제부도 통행시간표 (공표자료)'!L85 -> -1925.1076 | M17: ='2025년 제부도 통행시간표 (현장자료)'!M17-'2026년 제부도 통행시간표 (공표자료)'!M85 -> -424.70556 | O17: 14 | P17: 일
A18: 15 | B18: 화 | C18: ='2025년 제부도 통행시간표 (현장자료)'!C18-'2026년 제부도 통행시간표 (공표자료)'!C86 -> -715.61736 | D18: ='2025년 제부도 통행시간표 (현장자료)'!D18-'2026년 제부도 통행시간표 (공표자료)'!D86 -> -1621.2174 | E18: ='2025년 제부도 통행시간표 (현장자료)'!E18-'2026년 제부도 통행시간표 (공표자료)'!E86 -> -1824.1458 | F18: ='2025년 제부도 통행시간표 (현장자료)'!F18-'2026년 제부도 통행시간표 (공표자료)'!F86 -> -401.73056 | H18: 15 | I18: 금 | J18: ='2025년 제부도 통행시간표 (현장자료)'!J18-'2026년 제부도 통행시간표 (공표자료)'!J86 -> -817.60972 | K18: ='2025년 제부도 통행시간표 (현장자료)'!K18-'2026년 제부도 통행시간표 (공표자료)'!K86 -> -1657.1806 | L18: ='2025년 제부도 통행시간표 (현장자료)'!L18-'2026년 제부도 통행시간표 (공표자료)'!L86 -> -2008.084 | O18: 15 | P18: 월
A19: 16 | B19: 수 | C19: ='2025년 제부도 통행시간표 (현장자료)'!C19-'2026년 제부도 통행시간표 (공표자료)'!C87 -> -804.59236 | D19: ='2025년 제부도 통행시간표 (현장자료)'!D19-'2026년 제부도 통행시간표 (공표자료)'!D87 -> -1657.2014 | E19: ='2025년 제부도 통행시간표 (현장자료)'!E19-'2026년 제부도 통행시간표 (공표자료)'!E87 -> -1921.1 | F19: ='2025년 제부도 통행시간표 (현장자료)'!F19-'2026년 제부도 통행시간표 (공표자료)'!F87 -> -445.70278 | H19: 16 | I19: 토 | K19: ='2025년 제부도 통행시간표 (현장자료)'!K19-'2026년 제부도 통행시간표 (공표자료)'!K87 -> -1734.1153 | L19: ='2025년 제부도 통행시간표 (현장자료)'!L19-'2026년 제부도 통행시간표 (공표자료)'!L87 -> -2043.0736 | O19: 16 | P19: 화
A20: 17 | B20: 목 | C20: ='2025년 제부도 통행시간표 (현장자료)'!C20-'2026년 제부도 통행시간표 (공표자료)'!C88 -> -845.57847 | D20: ='2025년 제부도 통행시간표 (현장자료)'!D20-'2026년 제부도 통행시간표 (공표자료)'!D88 -> -1736.1375 | E20: ='2025년 제부도 통행시간표 (현장자료)'!E20-'2026년 제부도 통행시간표 (공표자료)'!E88 -> -2009.0951 | F20: ='2025년 제부도 통행시간표 (현장자료)'!F20-'2026년 제부도 통행시간표 (공표자료)'!F88 -> -528.63819 | H20: 17 | I20: 일 | O20: 17 | P20: 수
A21: 18 | B21: 금 | C21: ='2025년 제부도 통행시간표 (현장자료)'!C21-'2026년 제부도 통행시간표 (공표자료)'!C89 -> -918.57778 | H21: 18 | I21: 월 | O21: 18 | P21: 목 | T21: ='2025년 제부도 통행시간표 (현장자료)'!T21-'2026년 제부도 통행시간표 (공표자료)'!T89 -> #VALUE!
A22: 19 | B22: 토 | H22: 19 | I22: 화 | O22: 19 | P22: 금 | Q22: ='2025년 제부도 통행시간표 (현장자료)'!Q22-'2026년 제부도 통행시간표 (공표자료)'!Q90 -> #VALUE! | T22: ='2025년 제부도 통행시간표 (현장자료)'!T22-'2026년 제부도 통행시간표 (공표자료)'!T90 -> #VALUE!
A23: 20 | B23: 일 | H23: 20 | I23: 수 | M23: ='2025년 제부도 통행시간표 (현장자료)'!M23-'2026년 제부도 통행시간표 (공표자료)'!M91 -> #VALUE! | O23: 20 | P23: 토 | Q23: ='2025년 제부도 통행시간표 (현장자료)'!Q23-'2026년 제부도 통행시간표 (공표자료)'!Q91 -> #VALUE! | R23: ='2025년 제부도 통행시간표 (현장자료)'!R23-'2026년 제부도 통행시간표 (공표자료)'!R91 -> #VALUE! | S23: ='2025년 제부도 통행시간표 (현장자료)'!S23-'2026년 제부도 통행시간표 (공표자료)'!S91 -> #VALUE! | T23: ='2025년 제부도 통행시간표 (현장자료)'!T23-'2026년 제부도 통행시간표 (공표자료)'!T91 -> #VALUE!
A24: 21 | B24: 월 | F24: ='2025년 제부도 통행시간표 (현장자료)'!F24-'2026년 제부도 통행시간표 (공표자료)'!F92 -> #VALUE! | H24: 21 | I24: 목 | J24: ='2025년 제부도 통행시간표 (현장자료)'!J24-'2026년 제부도 통행시간표 (공표자료)'!J92 -> #VALUE! | M24: ='2025년 제부도 통행시간표 (현장자료)'!M24-'2026년 제부도 통행시간표 (공표자료)'!M92 -> #VALUE! | O24: 21 | P24: 일 | Q24: ='2025년 제부도 통행시간표 (현장자료)'!Q24-'2026년 제부도 통행시간표 (공표자료)'!Q92 -> #VALUE! | R24: ='2025년 제부도 통행시간표 (현장자료)'!R24-'2026년 제부도 통행시간표 (공표자료)'!R92 -> #VALUE! | S24: ='2025년 제부도 통행시간표 (현장자료)'!S24-'2026년 제부도 통행시간표 (공표자료)'!S92 -> #VALUE! | T24: ='2025년 제부도 통행시간표 (현장자료)'!T24-'2026년 제부도 통행시간표 (공표자료)'!T92 -> #VALUE!
A25: 22 | B25: 화 | C25: ='2025년 제부도 통행시간표 (현장자료)'!C25-'2026년 제부도 통행시간표 (공표자료)'!C93 -> #VALUE! | F25: ='2025년 제부도 통행시간표 (현장자료)'!F25-'2026년 제부도 통행시간표 (공표자료)'!F93 -> #VALUE! | H25: 22 | I25: 금 | J25: ='2025년 제부도 통행시간표 (현장자료)'!J25-'2026년 제부도 통행시간표 (공표자료)'!J93 -> #VALUE! | K25: ='2025년 제부도 통행시간표 (현장자료)'!K25-'2026년 제부도 통행시간표 (공표자료)'!K93 -> #VALUE! | L25: ='2025년 제부도 통행시간표 (현장자료)'!L25-'2026년 제부도 통행시간표 (공표자료)'!L93 -> #VALUE! | M25: ='2025년 제부도 통행시간표 (현장자료)'!M25-'2026년 제부도 통행시간표 (공표자료)'!M93 -> #VALUE! | O25: 22 | P25: 월 | Q25: ='2025년 제부도 통행시간표 (현장자료)'!Q25-'2026년 제부도 통행시간표 (공표자료)'!Q93 -> #VALUE! | R25: ='2025년 제부도 통행시간표 (현장자료)'!R25-'2026년 제부도 통행시간표 (공표자료)'!R93 -> #VALUE! | S25: ='2025년 제부도 통행시간표 (현장자료)'!S25-'2026년 제부도 통행시간표 (공표자료)'!S93 -> #VALUE! | T25: ='2025년 제부도 통행시간표 (현장자료)'!T25-'2026년 제부도 통행시간표 (공표자료)'!T93 -> #VALUE!
A26: 23 | B26: 수 | C26: ='2025년 제부도 통행시간표 (현장자료)'!C26-'2026년 제부도 통행시간표 (공표자료)'!C94 -> #VALUE! | F26: ='2025년 제부도 통행시간표 (현장자료)'!F26-'2026년 제부도 통행시간표 (공표자료)'!F94 -> #VALUE! | H26: 23 | I26: 토 | J26: ='2025년 제부도 통행시간표 (현장자료)'!J26-'2026년 제부도 통행시간표 (공표자료)'!J94 -> #VALUE! | K26: ='2025년 제부도 통행시간표 (현장자료)'!K26-'2026년 제부도 통행시간표 (공표자료)'!K94 -> #VALUE! | L26: ='2025년 제부도 통행시간표 (현장자료)'!L26-'2026년 제부도 통행시간표 (공표자료)'!L94 -> #VALUE! | M26: ='2025년 제부도 통행시간표 (현장자료)'!M26-'2026년 제부도 통행시간표 (공표자료)'!M94 -> #VALUE! | O26: 23 | P26: 화 | Q26: ='2025년 제부도 통행시간표 (현장자료)'!Q26-'2026년 제부도 통행시간표 (공표자료)'!Q94 -> #VALUE! | R26: ='2025년 제부도 통행시간표 (현장자료)'!R26-'2026년 제부도 통행시간표 (공표자료)'!R94 -> #VALUE! | S26: ='2025년 제부도 통행시간표 (현장자료)'!S26-'2026년 제부도 통행시간표 (공표자료)'!S94 -> #VALUE! | T26: ='2025년 제부도 통행시간표 (현장자료)'!T26-'2026년 제부도 통행시간표 (공표자료)'!T94 -> -250.81875
A27: 24 | B27: 목 | C27: ='2025년 제부도 통행시간표 (현장자료)'!C27-'2026년 제부도 통행시간표 (공표자료)'!C95 -> #VALUE! | F27: ='2025년 제부도 통행시간표 (현장자료)'!F27-'2026년 제부도 통행시간표 (공표자료)'!F95 -> #VALUE! | H27: 24 | I27: 일 | J27: ='2025년 제부도 통행시간표 (현장자료)'!J27-'2026년 제부도 통행시간표 (공표자료)'!J95 -> #VALUE! | K27: ='2025년 제부도 통행시간표 (현장자료)'!K27-'2026년 제부도 통행시간표 (공표자료)'!K95 -> #VALUE! | L27: ='2025년 제부도 통행시간표 (현장자료)'!L27-'2026년 제부도 통행시간표 (공표자료)'!L95 -> #VALUE! | M27: ='2025년 제부도 통행시간표 (현장자료)'!M27-'2026년 제부도 통행시간표 (공표자료)'!M95 -> #VALUE! | O27: 24 | P27: 수 | Q27: ='2025년 제부도 통행시간표 (현장자료)'!Q27-'2026년 제부도 통행시간표 (공표자료)'!Q95 -> -330.6875 | R27: ='2025년 제부도 통행시간표 (현장자료)'!R27-'2026년 제부도 통행시간표 (공표자료)'!R95 -> #VALUE! | S27: ='2025년 제부도 통행시간표 (현장자료)'!S27-'2026년 제부도 통행시간표 (공표자료)'!S95 -> #VALUE! | T27: ='2025년 제부도 통행시간표 (현장자료)'!T27-'2026년 제부도 통행시간표 (공표자료)'!T95 -> -232.79236
A28: 25 | B28: 금 | C28: ='2025년 제부도 통행시간표 (현장자료)'!C28-'2026년 제부도 통행시간표 (공표자료)'!C96 -> #VALUE! | D28: ='2025년 제부도 통행시간표 (현장자료)'!D28-'2026년 제부도 통행시간표 (공표자료)'!D96 -> #VALUE! | E28: ='2025년 제부도 통행시간표 (현장자료)'!E28-'2026년 제부도 통행시간표 (공표자료)'!E96 -> #VALUE! | F28: ='2025년 제부도 통행시간표 (현장자료)'!F28-'2026년 제부도 통행시간표 (공표자료)'!F96 -> #VALUE! | H28: 25 | I28: 월 | J28: ='2025년 제부도 통행시간표 (현장자료)'!J28-'2026년 제부도 통행시간표 (공표자료)'!J96 -> #VALUE! | K28: ='2025년 제부도 통행시간표 (현장자료)'!K28-'2026년 제부도 통행시간표 (공표자료)'!K96 -> #VALUE! | L28: ='2025년 제부도 통행시간표 (현장자료)'!L28-'2026년 제부도 통행시간표 (공표자료)'!L96 -> #VALUE! | M28: ='2025년 제부도 통행시간표 (현장자료)'!M28-'2026년 제부도 통행시간표 (공표자료)'!M96 -> -243.80556 | O28: 25 | P28: 목 | Q28: ='2025년 제부도 통행시간표 (현장자료)'!Q28-'2026년 제부도 통행시간표 (공표자료)'!Q96 -> -455.68681 | R28: ='2025년 제부도 통행시간표 (현장자료)'!R28-'2026년 제부도 통행시간표 (공표자료)'!R96 -> -1458.2903 | S28: ='2025년 제부도 통행시간표 (현장자료)'!S28-'2026년 제부도 통행시간표 (공표자료)'!S96 -> -1701.1653 | T28: ='2025년 제부도 통행시간표 (현장자료)'!T28-'2026년 제부도 통행시간표 (공표자료)'!T96 -> -249.75903
A29: 26 | B29: 토 | C29: ='2025년 제부도 통행시간표 (현장자료)'!C29-'2026년 제부도 통행시간표 (공표자료)'!C97 -> #VALUE! | D29: ='2025년 제부도 통행시간표 (현장자료)'!D29-'2026년 제부도 통행시간표 (공표자료)'!D97 -> #VALUE! | E29: ='2025년 제부도 통행시간표 (현장자료)'!E29-'2026년 제부도 통행시간표 (공표자료)'!E97 -> #VALUE! | F29: ='2025년 제부도 통행시간표 (현장자료)'!F29-'2026년 제부도 통행시간표 (공표자료)'!F97 -> -303.8125 | H29: 26 | I29: 화 | J29: ='2025년 제부도 통행시간표 (현장자료)'!J29-'2026년 제부도 통행시간표 (공표자료)'!J97 -> -445.66458 | K29: ='2025년 제부도 통행시간표 (현장자료)'!K29-'2026년 제부도 통행시간표 (공표자료)'!K97 -> #VALUE! | L29: ='2025년 제부도 통행시간표 (현장자료)'!L29-'2026년 제부도 통행시간표 (공표자료)'!L97 -> #VALUE! | M29: ='2025년 제부도 통행시간표 (현장자료)'!M29-'2026년 제부도 통행시간표 (공표자료)'!M97 -> -250.77708 | O29: 26 | P29: 금 | Q29: ='2025년 제부도 통행시간표 (현장자료)'!Q29-'2026년 제부도 통행시간표 (공표자료)'!Q97 -> -543.68611 | R29: ='2025년 제부도 통행시간표 (현장자료)'!R29-'2026년 제부도 통행시간표 (공표자료)'!R97 -> -1508.2639 | S29: ='2025년 제부도 통행시간표 (현장자료)'!S29-'2026년 제부도 통행시간표 (공표자료)'!S97 -> -1799.1542
A30: 27 | B30: 일 | C30: ='2025년 제부도 통행시간표 (현장자료)'!C30-'2026년 제부도 통행시간표 (공표자료)'!C98 -> -342.65278 | D30: ='2025년 제부도 통행시간표 (현장자료)'!D30-'2026년 제부도 통행시간표 (공표자료)'!D98 -> #VALUE! | E30: ='2025년 제부도 통행시간표 (현장자료)'!E30-'2026년 제부도 통행시간표 (공표자료)'!E98 -> #VALUE! | F30: ='2025년 제부도 통행시간표 (현장자료)'!F30-'2026년 제부도 통행시간표 (공표자료)'!F98 -> -254.78472 | H30: 27 | I30: 수 | J30: ='2025년 제부도 통행시간표 (현장자료)'!J30-'2026년 제부도 통행시간표 (공표자료)'!J98 -> -544.65903 | K30: ='2025년 제부도 통행시간표 (현장자료)'!K30-'2026년 제부도 통행시간표 (공표자료)'!K98 -> -1540.2639 | L30: ='2025년 제부도 통행시간표 (현장자료)'!L30-'2026년 제부도 통행시간표 (공표자료)'!L98 -> -1712.1486 | M30: ='2025년 제부도 통행시간표 (현장자료)'!M30-'2026년 제부도 통행시간표 (공표자료)'!M98 -> -311.75 | O30: 27 | P30: 토 | R30: ='2025년 제부도 통행시간표 (현장자료)'!R30-'2026년 제부도 통행시간표 (공표자료)'!R98 -> -1530.2368 | S30: ='2025년 제부도 통행시간표 (현장자료)'!S30-'2026년 제부도 통행시간표 (공표자료)'!S98 -> -1846.1451
A31: 28 | B31: 월 | C31: ='2025년 제부도 통행시간표 (현장자료)'!C31-'2026년 제부도 통행시간표 (공표자료)'!C99 -> -515.63333 | D31: ='2025년 제부도 통행시간표 (현장자료)'!D31-'2026년 제부도 통행시간표 (공표자료)'!D99 -> #VALUE! | E31: ='2025년 제부도 통행시간표 (현장자료)'!E31-'2026년 제부도 통행시간표 (공표자료)'!E99 -> #VALUE! | F31: ='2025년 제부도 통행시간표 (현장자료)'!F31-'2026년 제부도 통행시간표 (공표자료)'!F99 -> -311.75694 | H31: 28 | I31: 목 | J31: ='2025년 제부도 통행시간표 (현장자료)'!J31-'2026년 제부도 통행시간표 (공표자료)'!J99 -> -627.64514 | K31: ='2025년 제부도 통행시간표 (현장자료)'!K31-'2026년 제부도 통행시간표 (공표자료)'!K99 -> -1548.2389 | L31: ='2025년 제부도 통행시간표 (현장자료)'!L31-'2026년 제부도 통행시간표 (공표자료)'!L99 -> -1811.134 | M31: ='2025년 제부도 통행시간표 (현장자료)'!M31-'2026년 제부도 통행시간표 (공표자료)'!M99 -> -337.72083 | O31: 28 | P31: 일
A32: 29 | B32: 화 | C32: ='2025년 제부도 통행시간표 (현장자료)'!C32-'2026년 제부도 통행시간표 (공표자료)'!C100 -> -609.62222 | D32: ='2025년 제부도 통행시간표 (현장자료)'!D32-'2026년 제부도 통행시간표 (공표자료)'!D100 -> #VALUE! | E32: ='2025년 제부도 통행시간표 (현장자료)'!E32-'2026년 제부도 통행시간표 (공표자료)'!E100 -> #VALUE! | F32: ='2025년 제부도 통행시간표 (현장자료)'!F32-'2026년 제부도 통행시간표 (공표자료)'!F100 -> -335.73264 | H32: 29 | I32: 금 | J32: ='2025년 제부도 통행시간표 (현장자료)'!J32-'2026년 제부도 통행시간표 (공표자료)'!J100 -> -703.64861 | K32: ='2025년 제부도 통행시간표 (현장자료)'!K32-'2026년 제부도 통행시간표 (공표자료)'!K100 -> -1608.1972 | L32: ='2025년 제부도 통행시간표 (현장자료)'!L32-'2026년 제부도 통행시간표 (공표자료)'!L100 -> -1857.1417 | O32: 29 | P32: 월
A33: 30 | B33: 수 | C33: ='2025년 제부도 통행시간표 (현장자료)'!C33-'2026년 제부도 통행시간표 (공표자료)'!C101 -> -652.60625 | D33: ='2025년 제부도 통행시간표 (현장자료)'!D33-'2026년 제부도 통행시간표 (공표자료)'!D101 -> -1633.2 | E33: ='2025년 제부도 통행시간표 (현장자료)'!E33-'2026년 제부도 통행시간표 (공표자료)'!E101 -> -1807.1153 | F33: ='2025년 제부도 통행시간표 (현장자료)'!F33-'2026년 제부도 통행시간표 (공표자료)'!F101 -> -402.69306 | H33: 30 | I33: 토 | O33: 30 | P33: 화
A34: 31 | B34: 목 | C34: ='2025년 제부도 통행시간표 (현장자료)'!C34-'2026년 제부도 통행시간표 (공표자료)'!C102 -> -729.60556 | H34: 31 | I34: 일
A35: 2025년 10월 통행가능 시간표 | H35: 2025년 11월 통행가능 시간표 | O35: 2025년 12월 통행가능 시간표
A36: 일자 | C36: 1 차 | E36: 2 차 | H36: 일자 | J36: 1 차 | L36: 2 차 | O36: 일자 | Q36: 1 차 | S36: 2 차
C37: ~부터 (열림) | D37: ~까지 (닫힘) | E37: ~부터 (열림) | F37: ~까지 (닫힘) | J37: ~부터 (열림) | K37: ~까지 (닫힘) | L37: ~부터 (열림) | M37: ~까지 (닫힘) | Q37: ~부터 (열림) | R37: ~까지 (닫힘) | S37: ~부터 (열림) | T37: ~까지 (닫힘)
A38: 1 | B38: 수 | H38: 1 | I38: 토 | O38: 1 | P38: 월
A39: 2 | B39: 목 | H39: 2 | I39: 일 | O39: 2 | P39: 화
A40: 3 | B40: 금 | H40: 3 | I40: 월 | K40: ='2025년 제부도 통행시간표 (현장자료)'!K40-'2026년 제부도 통행시간표 (공표자료)'!K108 -> #VALUE! | L40: ='2025년 제부도 통행시간표 (현장자료)'!L40-'2026년 제부도 통행시간표 (공표자료)'!L108 -> #VALUE! | M40: ='2025년 제부도 통행시간표 (현장자료)'!M40-'2026년 제부도 통행시간표 (공표자료)'!M108 -> #VALUE! | O40: 3 | P40: 수
A41: 4 | B41: 토 | F41: ='2025년 제부도 통행시간표 (현장자료)'!F41-'2026년 제부도 통행시간표 (공표자료)'!F109 -> #VALUE! | H41: 4 | I41: 화 | J41: ='2025년 제부도 통행시간표 (현장자료)'!J41-'2026년 제부도 통행시간표 (공표자료)'!J109 -> #VALUE! | K41: ='2025년 제부도 통행시간표 (현장자료)'!K41-'2026년 제부도 통행시간표 (공표자료)'!K109 -> #VALUE! | L41: ='2025년 제부도 통행시간표 (현장자료)'!L41-'2026년 제부도 통행시간표 (공표자료)'!L109 -> #VALUE! | M41: ='2025년 제부도 통행시간표 (현장자료)'!M41-'2026년 제부도 통행시간표 (공표자료)'!M109 -> #VALUE! | O41: 4 | P41: 목
A42: 5 | B42: 일 | C42: ='2025년 제부도 통행시간표 (현장자료)'!C42-'2026년 제부도 통행시간표 (공표자료)'!C110 -> #VALUE! | D42: ='2025년 제부도 통행시간표 (현장자료)'!D42-'2026년 제부도 통행시간표 (공표자료)'!D110 -> #VALUE! | E42: ='2025년 제부도 통행시간표 (현장자료)'!E42-'2026년 제부도 통행시간표 (공표자료)'!E110 -> #VALUE! | F42: ='2025년 제부도 통행시간표 (현장자료)'!F42-'2026년 제부도 통행시간표 (공표자료)'!F110 -> #VALUE! | H42: 5 | I42: 수 | J42: ='2025년 제부도 통행시간표 (현장자료)'!J42-'2026년 제부도 통행시간표 (공표자료)'!J110 -> #VALUE! | K42: ='2025년 제부도 통행시간표 (현장자료)'!K42-'2026년 제부도 통행시간표 (공표자료)'!K110 -> #VALUE! | L42: ='2025년 제부도 통행시간표 (현장자료)'!L42-'2026년 제부도 통행시간표 (공표자료)'!L110 -> #VALUE! | M42: ='2025년 제부도 통행시간표 (현장자료)'!M42-'2026년 제부도 통행시간표 (공표자료)'!M110 -> #VALUE! | O42: 5 | P42: 금
A43: 6 | B43: 월 | C43: ='2025년 제부도 통행시간표 (현장자료)'!C43-'2026년 제부도 통행시간표 (공표자료)'!C111 -> #VALUE! | D43: ='2025년 제부도 통행시간표 (현장자료)'!D43-'2026년 제부도 통행시간표 (공표자료)'!D111 -> #VALUE! | E43: ='2025년 제부도 통행시간표 (현장자료)'!E43-'2026년 제부도 통행시간표 (공표자료)'!E111 -> #VALUE! | F43: ='2025년 제부도 통행시간표 (현장자료)'!F43-'2026년 제부도 통행시간표 (공표자료)'!F111 -> #VALUE! | H43: 6 | I43: 목 | J43: ='2025년 제부도 통행시간표 (현장자료)'!J43-'2026년 제부도 통행시간표 (공표자료)'!J111 -> #VALUE! | K43: ='2025년 제부도 통행시간표 (현장자료)'!K43-'2026년 제부도 통행시간표 (공표자료)'!K111 -> -1404.3778 | L43: ='2025년 제부도 통행시간표 (현장자료)'!L43-'2026년 제부도 통행시간표 (공표자료)'!L111 -> -1531.2104 | M43: ='2025년 제부도 통행시간표 (현장자료)'!M43-'2026년 제부도 통행시간표 (공표자료)'!M111 -> -225.83542 | O43: 6 | P43: 토
A44: 7 | B44: 화 | C44: ='2025년 제부도 통행시간표 (현장자료)'!C44-'2026년 제부도 통행시간표 (공표자료)'!C112 -> #VALUE! | D44: ='2025년 제부도 통행시간표 (현장자료)'!D44-'2026년 제부도 통행시간표 (공표자료)'!D112 -> #VALUE! | E44: ='2025년 제부도 통행시간표 (현장자료)'!E44-'2026년 제부도 통행시간표 (공표자료)'!E112 -> #VALUE! | F44: ='2025년 제부도 통행시간표 (현장자료)'!F44-'2026년 제부도 통행시간표 (공표자료)'!F112 -> -144.85903 | H44: 7 | I44: 금 | J44: ='2025년 제부도 통행시간표 (현장자료)'!J44-'2026년 제부도 통행시간표 (공표자료)'!J112 -> -340.73542 | K44: ='2025년 제부도 통행시간표 (현장자료)'!K44-'2026년 제부도 통행시간표 (공표자료)'!K112 -> -1413.3403 | L44: ='2025년 제부도 통행시간표 (현장자료)'!L44-'2026년 제부도 통행시간표 (공표자료)'!L112 -> -1647.1771 | M44: ='2025년 제부도 통행시간표 (현장자료)'!M44-'2026년 제부도 통행시간표 (공표자료)'!M112 -> -253.79931 | O44: 7 | P44: 일
A45: 8 | B45: 수 | C45: ='2025년 제부도 통행시간표 (현장자료)'!C45-'2026년 제부도 통행시간표 (공표자료)'!C113 -> -404.72569 | D45: ='2025년 제부도 통행시간표 (현장자료)'!D45-'2026년 제부도 통행시간표 (공표자료)'!D113 -> -1421.3611 | E45: ='2025년 제부도 통행시간표 (현장자료)'!E45-'2026년 제부도 통행시간표 (공표자료)'!E113 -> -1607.1979 | F45: ='2025년 제부도 통행시간표 (현장자료)'!F45-'2026년 제부도 통행시간표 (공표자료)'!F113 -> -210.83472 | H45: 8 | I45: 토 | J45: ='2025년 제부도 통행시간표 (현장자료)'!J45-'2026년 제부도 통행시간표 (공표자료)'!J113 -> -429.70903 | K45: ='2025년 제부도 통행시간표 (현장자료)'!K45-'2026년 제부도 통행시간표 (공표자료)'!K113 -> -1439.316 | L45: ='2025년 제부도 통행시간표 (현장자료)'!L45-'2026년 제부도 통행시간표 (공표자료)'!L113 -> -1738.1451 | O45: 8 | P45: 월
A46: 9 | B46: 목 | C46: ='2025년 제부도 통행시간표 (현장자료)'!C46-'2026년 제부도 통행시간표 (공표자료)'!C114 -> -502.70069 | D46: ='2025년 제부도 통행시간표 (현장자료)'!D46-'2026년 제부도 통행시간표 (공표자료)'!D114 -> -1430.3354 | E46: ='2025년 제부도 통행시간표 (현장자료)'!E46-'2026년 제부도 통행시간표 (공표자료)'!E114 -> -1720.1618 | F46: ='2025년 제부도 통행시간표 (현장자료)'!F46-'2026년 제부도 통행시간표 (공표자료)'!F114 -> -243.8125 | H46: 9 | I46: 일 | K46: ='2025년 제부도 통행시간표 (현장자료)'!K46-'2026년 제부도 통행시간표 (공표자료)'!K114 -> -1510.2743 | L46: ='2025년 제부도 통행시간표 (현장자료)'!L46-'2026년 제부도 통행시간표 (공표자료)'!L114 -> -1818.1188 | O46: 9 | P46: 화
A47: 10 | B47: 금 | C47: ='2025년 제부도 통행시간표 (현장자료)'!C47-'2026년 제부도 통행시간표 (공표자료)'!C115 -> -542.67361 | D47: ='2025년 제부도 통행시간표 (현장자료)'!D47-'2026년 제부도 통행시간표 (공표자료)'!D115 -> -1455.3021 | E47: ='2025년 제부도 통행시간표 (현장자료)'!E47-'2026년 제부도 통행시간표 (공표자료)'!E115 -> -1811.1354 | F47: ='2025년 제부도 통행시간표 (현장자료)'!F47-'2026년 제부도 통행시간표 (공표자료)'!F115 -> -318.76944 | H47: 10 | I47: 월 | K47: ='2025년 제부도 통행시간표 (현장자료)'!K47-'2026년 제부도 통행시간표 (공표자료)'!K115 -> -1544.2215 | L47: ='2025년 제부도 통행시간표 (현장자료)'!L47-'2026년 제부도 통행시간표 (공표자료)'!L115 -> -1850.1063 | O47: 10 | P47: 수
A48: 11 | B48: 토 | C48: ='2025년 제부도 통행시간표 (현장자료)'!C48-'2026년 제부도 통행시간표 (공표자료)'!C116 -> -614.66042 | D48: ='2025년 제부도 통행시간표 (현장자료)'!D48-'2026년 제부도 통행시간표 (공표자료)'!D116 -> -1525.2701 | E48: ='2025년 제부도 통행시간표 (현장자료)'!E48-'2026년 제부도 통행시간표 (공표자료)'!E116 -> -1851.1104 | H48: 11 | I48: 화 | O48: 11 | P48: 목
A49: 12 | B49: 일 | D49: ='2025년 제부도 통행시간표 (현장자료)'!D49-'2026년 제부도 통행시간표 (공표자료)'!D117 -> -1558.2188 | E49: ='2025년 제부도 통행시간표 (현장자료)'!E49-'2026년 제부도 통행시간표 (공표자료)'!E117 -> -1924.0958 | H49: 12 | I49: 수 | O49: 12 | P49: 금
A50: 13 | B50: 월 | H50: 13 | I50: 목 | O50: 13 | P50: 토
A51: 14 | B51: 화 | H51: 14 | I51: 금 | O51: 14 | P51: 일
A52: 15 | B52: 수 | H52: 15 | I52: 토 | O52: 15 | P52: 월
A53: 16 | B53: 목 | H53: 16 | I53: 일 | O53: 16 | P53: 화
A54: 17 | B54: 금 | H54: 17 | I54: 월 | O54: 17 | P54: 수
A55: 18 | B55: 토 | F55: ='2025년 제부도 통행시간표 (현장자료)'!F55-'2026년 제부도 통행시간표 (공표자료)'!F123 -> #VALUE! | H55: 18 | I55: 화 | K55: ='2025년 제부도 통행시간표 (현장자료)'!K55-'2026년 제부도 통행시간표 (공표자료)'!K123 -> #VALUE! | L55: ='2025년 제부도 통행시간표 (현장자료)'!L55-'2026년 제부도 통행시간표 (공표자료)'!L123 -> #VALUE! | O55: 18 | P55: 목
A56: 19 | B56: 일 | C56: ='2025년 제부도 통행시간표 (현장자료)'!C56-'2026년 제부도 통행시간표 (공표자료)'!C124 -> #VALUE! | D56: ='2025년 제부도 통행시간표 (현장자료)'!D56-'2026년 제부도 통행시간표 (공표자료)'!D124 -> #VALUE! | E56: ='2025년 제부도 통행시간표 (현장자료)'!E56-'2026년 제부도 통행시간표 (공표자료)'!E124 -> #VALUE! | F56: ='2025년 제부도 통행시간표 (현장자료)'!F56-'2026년 제부도 통행시간표 (공표자료)'!F124 -> #VALUE! | H56: 19 | I56: 수 | K56: ='2025년 제부도 통행시간표 (현장자료)'!K56-'2026년 제부도 통행시간표 (공표자료)'!K124 -> #VALUE! | L56: ='2025년 제부도 통행시간표 (현장자료)'!L56-'2026년 제부도 통행시간표 (공표자료)'!L124 -> #VALUE! | O56: 19 | P56: 금
A57: 20 | B57: 월 | C57: ='2025년 제부도 통행시간표 (현장자료)'!C57-'2026년 제부도 통행시간표 (공표자료)'!C125 -> #VALUE! | D57: ='2025년 제부도 통행시간표 (현장자료)'!D57-'2026년 제부도 통행시간표 (공표자료)'!D125 -> #VALUE! | E57: ='2025년 제부도 통행시간표 (현장자료)'!E57-'2026년 제부도 통행시간표 (공표자료)'!E125 -> #VALUE! | F57: ='2025년 제부도 통행시간표 (현장자료)'!F57-'2026년 제부도 통행시간표 (공표자료)'!F125 -> #VALUE! | H57: 20 | I57: 목 | K57: ='2025년 제부도 통행시간표 (현장자료)'!K57-'2026년 제부도 통행시간표 (공표자료)'!K125 -> #VALUE! | L57: ='2025년 제부도 통행시간표 (현장자료)'!L57-'2026년 제부도 통행시간표 (공표자료)'!L125 -> #VALUE! | O57: 20 | P57: 토
A58: 21 | B58: 화 | C58: ='2025년 제부도 통행시간표 (현장자료)'!C58-'2026년 제부도 통행시간표 (공표자료)'!C126 -> #VALUE! | D58: ='2025년 제부도 통행시간표 (현장자료)'!D58-'2026년 제부도 통행시간표 (공표자료)'!D126 -> #VALUE! | E58: ='2025년 제부도 통행시간표 (현장자료)'!E58-'2026년 제부도 통행시간표 (공표자료)'!E126 -> #VALUE! | F58: ='2025년 제부도 통행시간표 (현장자료)'!F58-'2026년 제부도 통행시간표 (공표자료)'!F126 -> #VALUE! | H58: 21 | I58: 금 | K58: ='2025년 제부도 통행시간표 (현장자료)'!K58-'2026년 제부도 통행시간표 (공표자료)'!K126 -> #VALUE! | L58: ='2025년 제부도 통행시간표 (현장자료)'!L58-'2026년 제부도 통행시간표 (공표자료)'!L126 -> #VALUE! | O58: 21 | P58: 일
A59: 22 | B59: 수 | C59: ='2025년 제부도 통행시간표 (현장자료)'!C59-'2026년 제부도 통행시간표 (공표자료)'!C127 -> #VALUE! | D59: ='2025년 제부도 통행시간표 (현장자료)'!D59-'2026년 제부도 통행시간표 (공표자료)'!D127 -> #VALUE! | E59: ='2025년 제부도 통행시간표 (현장자료)'!E59-'2026년 제부도 통행시간표 (공표자료)'!E127 -> #VALUE! | F59: ='2025년 제부도 통행시간표 (현장자료)'!F59-'2026년 제부도 통행시간표 (공표자료)'!F127 -> #VALUE! | H59: 22 | I59: 토 | K59: ='2025년 제부도 통행시간표 (현장자료)'!K59-'2026년 제부도 통행시간표 (공표자료)'!K127 -> -1355.3194 | L59: ='2025년 제부도 통행시간표 (현장자료)'!L59-'2026년 제부도 통행시간표 (공표자료)'!L127 -> -1544.1965 | O59: 22 | P59: 월
A60: 23 | B60: 목 | C60: ='2025년 제부도 통행시간표 (현장자료)'!C60-'2026년 제부도 통행시간표 (공표자료)'!C128 -> #VALUE! | D60: ='2025년 제부도 통행시간표 (현장자료)'!D60-'2026년 제부도 통행시간표 (공표자료)'!D128 -> #VALUE! | E60: ='2025년 제부도 통행시간표 (현장자료)'!E60-'2026년 제부도 통행시간표 (공표자료)'!E128 -> #VALUE! | F60: ='2025년 제부도 통행시간표 (현장자료)'!F60-'2026년 제부도 통행시간표 (공표자료)'!F128 -> -232.79028 | H60: 23 | I60: 일 | K60: ='2025년 제부도 통행시간표 (현장자료)'!K60-'2026년 제부도 통행시간표 (공표자료)'!K128 -> -1409.2958 | L60: ='2025년 제부도 통행시간표 (현장자료)'!L60-'2026년 제부도 통행시간표 (공표자료)'!L128 -> -1701.1771 | O60: 23 | P60: 화
A61: 24 | B61: 금 | C61: ='2025년 제부도 통행시간표 (현장자료)'!C61-'2026년 제부도 통행시간표 (공표자료)'!C129 -> -330.73056 | D61: ='2025년 제부도 통행시간표 (현장자료)'!D61-'2026년 제부도 통행시간표 (공표자료)'!D129 -> -1422.3097 | E61: ='2025년 제부도 통행시간표 (현장자료)'!E61-'2026년 제부도 통행시간표 (공표자료)'!E129 -> -1632.1826 | H61: 24 | I61: 월 | K61: ='2025년 제부도 통행시간표 (현장자료)'!K61-'2026년 제부도 통행시간표 (공표자료)'!K129 -> -1440.2687 | L61: ='2025년 제부도 통행시간표 (현장자료)'!L61-'2026년 제부도 통행시간표 (공표자료)'!L129 -> -1800.1681 | O61: 24 | P61: 수
A62: 25 | B62: 토 | D62: ='2025년 제부도 통행시간표 (현장자료)'!D62-'2026년 제부도 통행시간표 (공표자료)'!D130 -> -1434.2917 | E62: ='2025년 제부도 통행시간표 (현장자료)'!E62-'2026년 제부도 통행시간표 (공표자료)'!E130 -> -1735.1715 | H62: 25 | I62: 화 | O62: 25 | P62: 목
A63: 26 | B63: 일 | D63: ='2025년 제부도 통행시간표 (현장자료)'!D63-'2026년 제부도 통행시간표 (공표자료)'!D131 -> -1500.2528 | E63: ='2025년 제부도 통행시간표 (현장자료)'!E63-'2026년 제부도 통행시간표 (공표자료)'!E131 -> -1825.1514 | H63: 26 | I63: 수 | O63: 26 | P63: 금
A64: 27 | B64: 월 | H64: 27 | I64: 목 | O64: 27 | P64: 토
A65: 28 | B65: 화 | H65: 28 | I65: 금 | O65: 28 | P65: 일
A66: 29 | B66: 수 | H66: 29 | I66: 토 | O66: 29 | P66: 월
A67: 30 | B67: 목 | H67: 30 | I67: 일 | O67: 30 | P67: 화
A68: 31 | B68: 금 | O68: 31 | P68: 수
